content_replicate,X0,X0.75,X1.5,X2.25,X3,X3.75,X4.5,X5.25,X6,X6.75,X7.5,X8.25,X9,X9.75,X10.5,X11.25,X12,X12.75,X13.5,X14.25,X15,X15.75,X16.5,X17.25,X18,X18.75,X19.5,X20.25,X21,X21.75,X22.5,X23.25,X24,X24.75,X25.5,X26.25,X27,X27.75,X28.5,X29.25,X30,X30.75,X31.5,X32.25,X33,X33.75,X34.5,X35.25,X36,X36.75,X37.5,X38.25,X39,X39.75,X40.5,X41.25,X42,X42.75,X43.5,X44.25,X45,X45.75,X46.5,X47.25,X48
49G_1,502,327,349,367,370,386,383,393,392,386,408,402,401,391,393,397,383,404,392,387,390,384,384,384,376,372,377,365,381,371,372,379,374,396,398,384,408,374,383,372,372,395,367,381,359,367,357,357,368,354,355,374,391,381,356,367,358,357,357,373,345,356,380,383,375
49Gx01_1,591,322,340,350,364,374,389,395,391,399,408,408,412,405,409,402,393,400,405,410,405,397,402,396,386,390,373,386,391,390,378,387,380,377,376,379,379,377,385,377,377,388,375,376,380,375,380,384,370,362,365,370,380,371,370,367,366,363,375,370,368,363,364,365,359
49G_2,530,346,380,395,408,430,431,438,446,455,463,455,461,465,469,445,452,442,443,440,439,432,430,446,420,421,419,431,417,412,415,434,429,430,416,414,428,416,423,414,422,434,420,429,415,420,427,475,501,556,708,1899,3198,3580,3459,3390,3320,3315,3225,3204,3133,3063,3078,3059,3085
49Gx01_2,649,370,396,419,428,455,456,462,451,469,476,480,479,487,487,475,476,473,481,478,460,480,477,467,467,471,464,465,472,488,463,464,463,466,460,467,470,460,452,445,443,454,433,445,443,438,435,453,436,433,426,432,443,435,422,423,423,422,410,428,412,412,417,416,420
49G_3,580,348,395,413,450,454,467,478,460,480,524,506,484,492,504,509,495,497,484,466,476,458,469,472,448,468,456,460,456,458,457,447,439,455,444,467,472,468,454,437,440,463,445,452,419,445,428,440,447,473,601,1337,2711,3202,3109,3060,3068,3053,3039,2977,2991,2812,2897,2944,2947
49Gx01_3,656,369,396,404,431,436,456,446,452,470,487,489,492,504,500,508,510,499,492,496,495,492,489,484,482,484,494,486,489,481,476,489,479,492,483,468,480,464,487,475,475,469,452,466,447,455,460,466,451,443,441,456,446,446,440,431,432,448,437,427,445,422,439,437,435
49G_4,527,338,366,401,413,446,446,440,448,476,485,485,475,490,470,484,460,447,452,458,440,448,444,447,439,437,427,435,443,432,427,425,420,432,439,460,609,842,2356,3628,3615,3701,3528,3616,3497,3345,3461,3713,3417,3414,3365,3332,3261,3249,3078,3074,3269,3104,3118,3065,3060,3066,3128,3182,3223
49Gx01_4,664,378,403,418,423,448,450,463,456,482,494,497,490,504,493,499,491,476,471,481,465,473,458,476,466,462,462,468,469,464,465,478,462,458,457,464,473,468,471,456,447,452,437,460,446,453,448,459,450,448,439,447,438,440,435,433,431,432,432,431,422,418,414,423,427
49G_5,509,336,353,387,415,437,441,444,433,456,468,467,456,467,463,457,450,437,428,427,429,437,430,447,422,424,410,418,419,404,405,411,410,421,410,408,418,412,402,396,394,398,395,404,407,398,411,403,412,404,400,408,407,404,396,392,386,389,401,401,385,388,396,396,399
49Gx01_5,647,371,407,439,444,463,469,466,473,488,519,524,505,531,521,521,516,521,511,507,506,513,511,504,499,504,514,515,513,499,510,506,515,505,518,506,519,505,513,503,484,505,491,509,483,490,501,501,485,489,484,512,487,483,473,479,474,488,486,484,476,474,472,473,477
49G_6,501,325,354,374,396,429,431,452,441,440,447,453,440,450,440,442,432,434,431,449,414,415,405,407,410,444,414,420,412,387,418,428,453,463,396,399,446,432,405,419,430,398,407,427,426,395,418,394,421,392,407,416,424,396,394,388,384,391,391,402,382,408,399,395,375
49Gx01_6,687,396,424,445,445,475,481,496,488,496,533,521,521,534,534,525,506,526,521,510,511,521,511,524,516,514,524,531,527,513,504,516,503,492,497,485,501,500,494,480,471,493,486,488,482,494,484,486,491,481,477,490,482,462,454,474,464,485,463,463,459,474,457,466,467
49G_7,495,333,345,388,392,424,435,444,449,457,467,479,456,450,461,455,453,446,439,424,436,429,438,454,431,436,432,436,441,430,404,430,421,409,413,410,422,408,424,390,395,412,395,410,403,386,403,400,408,386,403,404,393,407,400,385,401,406,467,1404,1818,1813,1814,1790,1802
49Gx01_7,643,371,393,427,425,458,471,474,472,489,504,504,491,498,506,515,505,510,495,498,501,511,511,502,506,507,492,501,502,493,475,477,486,478,477,464,485,463,493,456,465,471,458,463,462,451,467,464,453,451,453,452,445,437,436,434,440,436,431,440,438,432,434,437,439
49G_8,471,321,342,376,397,417,425,430,430,426,448,441,444,440,449,447,422,438,429,427,416,423,428,424,415,424,410,426,416,429,412,403,396,403,399,395,410,412,410,398,392,400,394,406,398,385,388,385,393,390,393,397,393,410,395,380,392,391,390,393,381,388,392,384,388
49Gx01_8,619,372,410,438,440,462,472,487,472,501,511,510,504,512,511,523,504,522,522,514,521,515,539,517,512,532,513,524,525,502,511,530,522,518,519,508,513,512,516,506,502,518,504,518,513,507,501,504,513,499,500,522,507,514,496,500,499,509,494,502,492,501,493,504,494
14G_1,520,311,311,310,321,332,327,345,342,357,343,344,346,350,338,346,349,341,350,353,340,348,347,357,347,341,339,352,341,336,350,348,360,352,335,357,342,329,334,340,341,348,346,351,338,351,343,335,340,349,344,333,333,341,338,338,336,356,346,335,339,327,332,340,342
14Gx01_1,626,343,356,368,381,380,382,402,398,400,404,411,401,411,412,404,416,428,420,417,406,412,414,402,405,405,397,396,388,389,390,393,399,383,378,385,379,376,371,381,376,379,391,385,379,385,386,384,387,382,374,368,363,369,383,371,373,376,374,364,369,365,383,375,372
14G_2,592,331,335,366,377,391,379,391,400,396,433,430,432,426,425,453,428,455,445,445,441,443,439,442,444,434,417,438,433,431,423,420,422,408,412,416,400,418,442,418,427,419,420,404,396,404,397,410,381,400,409,395,385,401,399,378,381,403,392,382,396,388,378,389,405
14Gx01_2,665,358,372,380,385,400,409,395,407,403,416,394,395,395,403,395,396,394,393,387,384,397,386,383,379,379,372,379,380,382,381,371,382,383,371,376,363,391,399,388,376,377,382,372,380,381,386,387,379,371,380,373,368,373,366,372,368,369,368,367,373,373,366,367,372
14G_3,635,354,366,384,371,396,394,422,448,417,420,436,446,455,416,448,420,422,441,476,452,430,438,435,475,428,444,446,424,431,428,406,454,440,416,421,397,439,413,398,421,413,430,395,396,390,403,384,412,404,410,393,385,379,376,392,388,395,384,370,399,362,388,375,372
14Gx01_3,707,396,402,417,424,432,431,430,424,437,442,443,456,454,443,441,445,450,448,436,443,449,437,439,433,422,402,417,419,413,414,419,414,419,422,419,416,418,403,412,419,406,423,392,399,407,420,396,411,411,392,410,407,418,395,401,384,395,405,399,408,390,397,398,426
14G_4,603,332,339,367,371,379,384,391,395,395,404,406,406,412,405,408,407,414,411,405,406,400,410,405,418,392,396,408,394,404,404,403,397,406,400,410,392,397,403,397,400,392,395,399,400,386,400,400,398,396,390,391,390,397,396,398,398,394,397,393,406,405,398,404,405
14Gx01_4,718,406,423,432,440,443,455,454,462,477,470,472,478,476,471,468,482,480,480,476,495,481,489,475,498,484,463,480,462,464,465,460,472,461,455,462,439,444,444,442,453,434,442,448,438,428,437,430,429,424,422,421,416,419,418,421,420,421,423,419,425,413,411,420,417
14G_5,601,341,360,372,392,405,419,420,422,425,433,420,423,421,425,432,422,435,432,421,431,425,445,437,460,427,413,428,432,403,410,399,426,406,410,414,411,410,398,399,412,410,401,411,398,412,410,401,399,410,404,403,392,400,403,406,394,401,412,389,406,400,404,395,401
14Gx01_5,705,389,414,435,447,464,471,468,484,489,487,483,484,492,491,492,485,488,480,468,467,471,469,477,456,451,449,439,459,433,433,417,431,426,417,416,416,419,408,409,421,404,411,408,401,399,422,409,400,406,405,405,392,403,411,401,400,405,401,398,414,403,396,403,404
14G_6,624,357,373,383,405,428,431,444,465,459,463,465,469,474,477,468,454,465,472,459,453,446,457,474,463,443,439,446,426,432,440,421,432,416,413,410,405,415,410,398,402,397,399,412,384,389,398,396,404,672,1083,1125,1124,1152,1173,1185,1184,1204,1225,1215,1257,1257,1272,1288,1322
14Gx01_6,695,382,410,434,443,441,455,463,475,472,470,480,471,497,501,502,489,502,510,476,487,489,491,495,498,476,476,468,476,462,462,460,459,465,444,437,448,441,442,430,444,439,423,435,424,438,441,432,441,413,420,416,413,414,576,966,1046,1067,1083,1093,1137,1153,1160,1159,1195
14G_7,597,358,373,388,402,413,426,439,439,446,458,448,453,458,462,465,463,457,477,467,469,460,462,474,467,455,449,461,462,460,452,442,450,439,429,440,427,439,427,427,436,432,418,434,414,416,427,407,420,417,410,412,402,403,410,404,400,398,404,396,402,406,395,402,417
14Gx01_7,728,415,444,446,469,464,478,492,502,496,498,512,522,516,527,525,513,512,537,512,510,520,510,500,523,485,487,494,502,486,487,472,476,468,460,456,452,460,448,459,456,455,447,453,432,428,445,437,440,435,427,425,421,425,433,416,418,438,426,413,434,420,414,412,427
14G_8,561,325,363,379,391,405,428,447,449,449,467,466,481,480,478,486,478,487,490,486,486,489,483,483,493,474,463,487,468,459,465,453,466,456,440,453,438,454,436,439,432,437,432,428,427,434,423,433,409,430,433,418,422,416,421,410,412,404,416,403,416,407,409,411,419
14Gx01_8,663,387,424,439,444,458,477,478,481,479,497,495,494,512,512,510,500,509,513,500,496,495,489,483,486,485,459,473,479,466,451,454,468,460,471,461,446,472,452,442,452,443,443,454,446,430,443,454,435,425,433,428,440,411,418,411,416,408,418,408,426,428,425,412,413
92G_1,863,317,304,309,242,318,242,236,229,252,302,229,297,306,396,299,258,212,268,262,256,280,226,298,246,290,254,293,241,221,223,252,216,337,224,206,217,385,222,290,211,230,229,240,224,303,230,215,370,292,228,237,227,204,204,228,380,207,373,208,307,310,241,420,293
92Gx01_1,522,335,351,351,385,388,401,406,409,425,421,440,430,438,430,429,422,416,415,408,408,400,407,390,405,402,397,400,403,399,397,400,386,398,392,396,389,381,388,385,378,388,384,382,381,393,391,387,394,388,390,394,403,390,399,392,390,381,379,380,379,382,382,387,383
98G_1,899,432,384,358,307,315,309,284,312,276,265,275,295,271,269,240,246,230,239,263,251,257,262,254,263,268,242,244,257,270,256,257,256,262,251,246,281,236,260,256,239,243,262,265,242,242,248,268,225,250,254,252,264,255,250,256,226,238,232,233,246,229,255,224,239
98Gx01_1,480,281,310,317,334,351,359,364,374,366,378,387,398,403,400,388,397,384,385,391,383,391,380,361,362,367,364,357,354,353,356,345,352,343,344,357,339,338,357,351,348,350,352,337,338,340,349,349,358,394,493,781,1903,1960,1911,1913,1927,1915,1995,1972,2080,2092,2073,2084,2169
92G_2,594,366,245,258,244,276,231,285,228,281,221,227,275,248,224,220,212,220,213,212,210,213,211,213,210,215,211,211,211,219,208,212,208,202,211,202,204,211,206,204,210,196,211,208,205,214,202,208,210,206,206,203,206,211,207,207,208,210,205,201,207,206,205,202,196
92Gx01_2,644,325,311,306,292,288,296,283,287,304,314,312,311,394,303,330,310,342,314,320,327,374,319,357,339,321,336,372,324,332,326,328,310,328,323,366,333,363,325,336,343,432,695,3204,6026,5985,6069,6102,6147,5964,6205,6045,5957,6159,6082,6136,6133,6013,6085,6025,6177,6116,6046,6017,6129
98G_2,911,412,348,319,295,313,311,283,276,296,281,274,265,264,250,237,237,242,245,255,232,258,283,237,272,234,249,236,261,243,246,234,241,261,252,235,233,233,252,234,291,223,233,264,262,215,225,245,231,217,225,238,227,212,235,205,227,231,224,229,215,244,229,220,223
98Gx01_2,589,329,364,405,431,438,462,450,467,478,474,467,488,485,485,477,484,463,475,477,476,468,463,454,460,449,444,442,441,433,430,417,418,408,408,409,407,402,400,396,392,394,398,383,392,388,386,380,382,378,386,390,369,373,384,382,379,375,377,378,391,376,374,371,368
92G_3,416,241,234,225,223,223,220,216,216,216,209,219,217,213,207,213,208,210,212,213,208,206,211,207,213,205,208,207,210,205,204,203,200,207,209,201,203,207,208,206,204,201,201,202,204,204,195,202,203,209,206,200,199,205,201,198,199,192,201,198,202,201,196,197,198
92Gx01_3,595,332,348,380,391,408,421,426,432,438,436,450,449,466,462,453,459,477,480,476,477,475,482,484,476,478,474,470,473,463,456,462,450,445,451,448,434,452,441,441,439,429,427,421,423,423,421,433,419,409,420,415,404,407,415,410,407,405,406,405,413,411,410,396,404
98G_3,778,321,319,299,291,277,289,282,278,260,284,244,247,232,258,251,243,231,247,217,220,237,252,259,240,259,244,252,222,226,225,242,240,259,224,239,244,216,270,237,209,213,214,240,209,233,247,240,228,216,208,261,213,211,223,224,206,221,236,210,266,205,248,216,262
98Gx01_3,576,341,376,405,424,427,457,446,462,469,472,472,466,467,465,456,454,447,449,455,435,437,436,417,429,408,410,400,400,392,395,385,370,362,370,369,372,360,376,370,365,357,360,370,373,365,357,358,352,351,369,363,362,353,356,356,346,355,357,360,360,355,348,354,357
92G_4,387,238,220,218,213,216,218,219,217,210,209,213,214,219,209,212,204,211,211,214,207,207,209,206,207,212,208,208,205,204,202,206,208,201,211,200,207,208,203,208,197,204,205,202,199,204,204,208,202,198,198,199,194,184,202,202,203,194,194,193,196,184,194,191,194
92Gx01_4,580,321,344,354,369,374,381,383,387,393,392,391,382,397,390,387,393,392,398,570,1745,5943,5926,5807,5739,5675,5706,5673,5803,5808,5764,5864,5791,5808,5899,6008,5941,5918,5908,5934,5952,6025,5907,5924,5938,5990,6131,6073,6100,6011,6169,6023,5922,6092,6104,6216,6225,6163,6193,6164,6447,6231,6172,6121,6254
98G_4,428,262,243,243,221,222,228,222,215,212,206,213,211,217,200,202,199,203,201,197,200,200,201,201,195,193,196,193,192,198,193,200,195,204,189,186,191,191,191,188,189,188,191,187,185,194,188,182,188,185,185,183,189,180,182,186,185,185,183,192,180,186,185,184,187
98Gx01_4,565,336,382,398,426,432,452,445,458,464,470,463,448,460,450,452,452,440,437,443,422,416,422,420,409,399,401,392,382,380,390,368,368,372,361,377,375,369,387,366,360,358,360,357,359,361,357,357,352,346,358,359,357,346,353,361,342,346,358,360,347,347,345,356,348
92G_5,379,226,213,215,223,217,211,212,213,199,211,211,205,205,204,208,203,204,208,201,202,203,204,200,201,201,207,201,199,205,206,202,200,201,198,196,198,203,196,192,197,200,190,196,192,193,196,190,197,194,199,195,190,190,189,194,188,196,185,191,196,190,191,191,188
92Gx01_5,590,322,368,375,398,413,413,416,435,452,448,486,946,1750,3513,3524,3367,3291,3247,3210,3185,3207,3205,3140,3175,3194,3313,3298,3345,3415,3381,3496,3458,3504,3583,3595,3595,3618,3613,3624,3623,3783,3670,3675,3763,3753,3806,3834,3796,3756,3898,3811,3773,3819,3869,3904,3944,3885,3950,3850,4001,3927,3875,3877,3963
98G_5,517,269,260,244,265,270,267,245,221,230,257,261,250,239,253,196,210,196,228,200,228,230,219,196,239,212,206,205,192,196,246,198,196,201,191,198,199,189,251,190,196,188,194,190,194,238,188,232,229,204,179,239,189,215,190,244,192,186,183,242,188,189,214,180,244
98Gx01_5,560,338,384,419,429,431,464,459,465,468,491,471,477,476,480,473,479,459,458,461,452,462,455,440,446,471,691,1557,2230,2226,2152,2057,1982,1940,1941,1976,2023,2005,2034,2021,2067,2131,2147,2224,2259,2246,2319,2334,2376,2364,2401,2409,2393,2407,2455,2489,2468,2473,2505,2551,2565,2554,2550,2524,2607
92G_6,392,246,229,228,228,229,226,222,217,221,219,225,216,218,216,214,220,217,227,215,212,221,221,210,216,220,221,221,213,217,210,212,206,208,212,213,212,205,216,210,206,219,212,215,206,216,215,208,202,206,210,203,205,200,211,208,208,202,205,205,208,213,205,203,197
92Gx01_6,544,327,372,404,436,477,465,473,481,487,481,471,450,478,467,465,454,464,455,440,437,427,423,407,402,403,413,400,398,384,378,385,364,383,373,375,368,362,368,371,363,365,356,371,356,367,371,367,354,351,372,367,350,363,366,364,370,354,354,380,552,1306,1931,1932,1955
98G_6,418,244,237,227,224,218,226,212,212,208,215,212,207,204,209,201,202,202,208,208,209,212,204,200,200,202,200,200,196,202,198,199,196,202,199,194,199,193,192,200,216,199,190,203,198,198,197,196,192,196,187,198,197,193,194,196,196,192,191,203,192,193,186,203,195
98Gx01_6,560,331,375,405,426,431,451,458,455,471,472,477,485,472,484,474,468,480,478,480,463,478,475,468,460,445,453,437,441,437,432,421,426,416,397,410,402,400,414,395,393,386,391,388,390,378,370,374,383,369,372,387,375,381,367,381,376,371,379,368,373,369,361,366,372
92G_7,368,225,216,211,212,208,204,206,201,209,207,206,209,206,200,200,199,202,200,196,205,195,199,203,199,193,205,203,206,193,199,197,196,197,197,202,208,191,197,202,194,198,193,195,201,199,193,202,193,192,198,191,193,197,190,191,196,191,189,198,184,194,193,191,188
92Gx01_7,549,327,371,412,431,458,468,485,501,504,499,494,487,485,490,481,484,465,461,463,461,446,437,441,424,424,428,408,408,402,390,396,385,382,379,382,385,378,379,374,376,393,372,378,376,380,375,374,368,372,381,373,365,373,376,377,370,367,363,364,381,370,373,379,381
98G_7,425,241,220,214,218,212,211,203,222,221,204,199,208,203,209,202,193,195,207,192,195,198,191,192,192,188,200,187,187,184,191,186,188,188,183,188,184,180,188,180,189,180,187,182,179,186,176,174,180,189,176,187,178,176,182,188,181,176,171,181,179,175,182,173,174
98Gx01_7,537,330,373,412,424,435,453,455,462,463,461,465,480,474,475,467,483,464,474,466,469,485,464,462,460,461,446,448,441,438,434,431,431,415,425,428,409,409,409,399,397,396,398,385,384,380,378,385,388,373,371,384,377,383,383,447,760,1307,1880,1985,2032,2055,2073,2094,2175
92G_8,324,216,214,213,211,208,211,209,204,205,204,208,200,204,202,204,203,202,205,198,194,203,208,204,192,200,200,197,203,202,191,197,198,198,197,199,202,195,194,196,192,201,193,195,195,199,192,200,196,192,185,197,186,194,196,187,189,189,191,190,193,192,193,187,190
92Gx01_8,518,320,365,392,401,419,432,434,443,444,455,455,458,469,474,464,473,480,482,480,480,472,476,465,475,462,465,466,459,470,804,1824,2032,2007,2005,1986,1999,1982,1972,2023,2051,2132,2104,2209,2190,2230,2291,2316,2378,2335,2448,2447,2451,2511,2555,2589,2620,2593,2642,2620,2684,2731,2724,2718,2796
98G_8,397,239,228,236,229,210,225,220,204,231,218,204,214,205,204,208,206,204,200,204,201,203,201,191,194,196,206,209,189,174,177,178,181,183,175,174,177,183,182,177,177,174,173,175,177,180,181,171,176,175,169,172,170,175,175,173,171,172,169,175,177,178,168,170,173
98Gx01_8,484,328,356,404,399,412,431,453,452,445,455,456,468,461,460,465,477,455,472,461,453,478,466,460,445,442,445,437,432,423,423,424,409,418,407,405,400,402,468,882,1712,1822,1760,1754,1736,1729,1750,1769,1795,1774,1836,1846,1850,1889,1946,1937,1942,1903,1970,1941,2020,1998,1970,2008,2079
104G_1,675,444,413,391,464,404,379,467,380,438,465,425,393,389,444,398,468,465,397,481,405,485,458,432,516,394,420,401,408,471,415,514,507,394,507,412,416,479,430,531,488,441,477,458,413,415,392,426,434,430,522,451,420,435,424,472,417,405,487,469,447,422,415,491,456
104Gx01_1,685,415,443,443,442,447,450,459,441,440,447,441,435,450,449,440,436,439,445,432,439,439,439,433,436,429,428,437,431,442,443,437,428,433,436,432,435,429,430,428,421,429,432,419,424,422,423,421,430,424,428,424,429,427,429,420,411,417,416,416,421,421,413,416,415
104G_2,582,380,388,381,371,375,379,368,372,382,378,380,379,374,367,379,369,364,378,385,372,381,370,389,368,381,375,369,367,364,369,379,377,377,379,367,392,388,391,401,399,404,381,384,368,383,376,400,398,380,388,370,398,394,372,375,362,380,368,380,385,380,394,389,362
104Gx01_2,757,448,470,469,480,470,475,479,472,475,481,474,482,466,469,467,470,458,470,472,467,469,460,465,459,465,466,466,470,462,459,462,447,452,462,461,456,461,456,452,461,450,455,464,447,455,454,449,450,454,454,451,456,442,448,446,450,453,440,443,442,448,442,452,444
104G_3,578,376,380,371,372,372,371,377,372,380,362,370,360,368,366,365,373,380,376,383,360,377,369,371,372,364,365,368,372,360,362,368,369,372,372,364,373,371,371,372,376,382,377,378,368,381,373,379,374,376,380,383,382,378,379,372,376,380,376,375,371,378,369,373,379
104Gx01_3,794,466,468,494,492,487,506,498,504,502,504,505,506,498,505,501,497,495,504,500,496,490,487,486,496,503,500,487,487,493,499,503,496,493,503,500,494,495,495,504,512,517,544,639,1795,3521,3649,3985,3438,3611,3402,3374,3323,3143,3090,3089,2920,2967,2929,2912,2725,2828,2791,2694,2712
104G_4,603,394,383,388,381,386,391,395,404,409,377,399,403,401,404,400,399,406,396,405,389,397,398,418,397,400,413,405,401,404,413,424,404,415,409,417,405,425,407,405,410,405,419,404,396,400,404,402,401,407,403,393,394,398,391,383,384,396,399,421,401,393,388,393,389
104Gx01_4,798,472,492,510,514,510,527,521,520,531,526,541,540,530,536,536,544,531,539,530,547,536,556,561,561,548,552,555,544,571,545,552,543,540,552,541,543,540,555,573,578,595,689,1530,3008,3135,3362,3368,3339,3416,3332,3543,3146,3177,3033,2991,2990,3085,2992,2813,2896,2846,2803,2812,2702
104G_5,558,372,362,357,366,368,364,359,360,363,363,364,365,356,367,362,353,357,359,364,363,364,372,374,364,367,359,365,374,368,371,366,364,371,366,380,361,364,367,359,374,374,368,361,371,368,360,364,368,360,366,375,362,366,366,370,364,357,352,353,361,364,362,359,368
104Gx01_5,794,475,481,500,508,504,518,523,515,518,524,530,528,533,517,517,519,522,523,517,526,530,514,536,518,524,517,526,522,527,523,514,500,523,520,518,516,516,524,521,519,515,518,520,505,515,519,521,518,529,533,512,533,506,516,510,497,508,508,512,520,640,1215,2389,4525
104G_6,541,352,359,357,355,353,343,360,353,356,362,364,369,352,358,356,360,372,369,367,356,348,361,368,361,367,347,356,363,354,364,363,352,354,366,358,358,365,361,355,350,369,355,356,351,343,347,357,351,359,352,354,356,380,373,372,401,447,632,950,1374,1684,1919,2122,2371
104Gx01_6,773,461,491,498,501,505,507,513,504,518,508,513,508,518,514,527,526,527,533,532,530,528,519,517,523,536,517,522,524,527,527,518,508,510,515,508,515,501,499,508,504,504,504,509,509,515,509,501,510,515,511,510,645,1155,2623,3752,3576,3541,3620,3244,3222,3036,3068,3249,3105
104G_7,556,368,354,360,352,357,356,359,353,348,356,350,360,358,365,359,357,359,361,361,362,358,355,352,364,356,352,358,354,359,361,356,356,361,361,356,360,355,355,353,355,357,360,361,364,362,358,363,357,362,360,366,365,361,363,362,370,366,356,369,362,371,358,359,360
104Gx01_7,780,448,477,495,506,497,503,517,507,509,508,508,516,506,510,515,514,523,505,507,519,498,520,521,505,516,508,514,517,536,532,548,563,553,569,551,562,564,576,562,564,566,557,552,553,554,559,568,555,556,549,565,561,583,574,818,1699,2940,3177,2966,3008,2973,3043,2832,2827
104G_8,526,343,350,336,334,350,351,340,343,341,348,344,352,350,348,353,343,351,346,349,348,348,343,347,347,341,341,346,353,348,350,348,347,346,338,350,342,350,346,343,347,345,338,339,337,336,338,342,341,341,340,341,341,345,339,339,331,339,342,340,340,335,335,332,339
104Gx01_8,776,463,489,518,517,510,515,525,528,526,525,541,535,538,533,529,527,547,554,545,557,539,553,550,555,546,544,554,542,541,556,541,534,533,536,533,539,535,531,525,523,529,519,533,520,525,526,524,530,552,810,1794,2977,3129,3122,3213,2988,2921,2885,2860,2872,2862,2768,2766,2740
121G_1,738,308,287,289,294,297,298,290,278,316,368,366,375,380,391,396,401,413,425,436,438,429,436,448,456,483,468,462,455,437,457,468,721,474,507,549,781,1153,1384,2307,6841,8793,8790,8087,8454,7339,7114,7094,7504,7147,7035,7449,7788,7580,7090,7537,7431,7624,7706,7421,7290,7616,7363,7336,7938
121Gx01_1,649,423,470,519,520,545,581,571,573,605,624,618,616,622,622,630,644,640,648,641,648,622,641,632,631,648,633,627,639,645,656,659,619,613,615,638,616,629,613,623,620,635,618,623,642,617,599,608,608,601,613,597,626,642,628,620,600,626,663,607,600,623,587,605,560
121G_2,749,391,374,401,354,318,301,339,328,307,296,320,365,310,366,306,320,292,301,285,298,323,332,362,310,293,298,317,295,322,288,298,311,330,307,280,327,288,278,313,287,291,373,294,314,314,295,275,292,290,306,281,330,284,288,272,322,280,293,279,315,299,361,317,300
121Gx01_2,755,461,534,573,588,601,622,632,643,683,668,671,682,683,680,689,701,676,702,685,689,678,680,665,679,656,665,649,629,621,621,616,608,610,582,592,589,595,580,584,592,597,576,574,605,586,568,567,576,569,574,564,599,582,560,560,570,574,584,560,565,566,564,564,550
121G_3,901,404,443,330,420,319,374,344,370,349,358,318,304,394,321,375,359,540,297,295,349,389,283,283,354,283,314,327,279,295,359,314,286,325,279,275,270,280,316,267,327,296,279,310,302,276,306,455,295,369,322,272,331,286,308,284,346,289,288,281,304,273,480,285,403
121Gx01_3,807,540,600,623,664,676,682,678,695,700,704,715,721,704,723,708,728,712,710,695,696,689,690,685,670,657,660,656,646,620,627,616,621,620,604,606,598,599,589,587,582,601,584,570,600,570,560,570,574,560,570,566,572,584,573,556,580,584,585,576,558,581,563,560,563
121G_4,727,372,331,297,311,319,300,300,306,294,293,294,310,297,309,297,296,290,314,369,300,307,300,292,337,294,296,302,296,303,297,296,344,329,302,310,304,360,302,304,302,321,306,306,323,300,310,301,317,312,324,331,312,324,322,443,327,320,318,318,328,323,319,319,321
121Gx01_4,773,514,571,587,610,624,660,675,668,695,688,689,716,706,721,710,733,700,718,689,688,692,686,672,679,660,658,655,634,617,621,626,607,608,603,599,591,592,604,586,578,603,604,581,628,570,585,579,580,568,644,1323,2070,2171,2182,2233,2329,2385,2423,2434,2476,2572,2546,2545,2553
121G_5,811,333,332,319,320,326,313,335,314,342,316,328,367,328,351,335,365,339,342,357,346,343,341,342,344,353,350,354,351,343,350,354,357,355,351,358,353,355,357,356,355,365,363,376,370,359,362,415,435,378,382,386,405,446,546,1208,6714,7678,6820,6226,5800,5468,5170,4955,4930
121Gx01_5,748,514,553,570,594,614,642,652,656,684,680,677,710,698,724,705,739,697,735,699,707,692,703,692,688,684,699,683,656,647,635,629,631,630,624,612,613,605,616,596,584,603,585,580,620,1926,2271,2356,2368,2387,2463,2465,2497,2563,2510,2565,2668,2696,2708,2642,2673,2759,2700,2710,2743
121G_6,828,313,363,318,313,327,319,316,324,319,337,323,350,331,380,336,360,338,346,357,340,366,356,345,347,351,343,369,360,371,373,373,372,366,356,360,347,360,356,347,360,363,358,354,368,357,349,353,365,368,360,359,363,370,362,364,366,374,360,363,364,360,364,359,414
121Gx01_6,777,506,556,586,612,622,661,684,689,693,685,707,702,714,714,714,739,708,723,700,711,691,685,681,675,673,671,667,648,623,638,644,622,642,620,610,604,612,619,609,599,604,589,590,603,585,568,580,578,590,577,582,569,575,563,560,579,575,582,567,564,574,563,560,568
121G_7,534,295,304,330,308,331,341,378,381,380,374,368,387,395,409,404,426,409,389,406,404,400,418,421,409,408,413,427,424,427,424,462,617,2494,9152,12520,10940,10910,10424,10332,10352,10584,10107,9827,10352,9715,9591,9827,9915,10039,9742,9666,9890,10144,9483,9652,9895,9955,9958,9563,9760,10049,9769,9505,9531
121Gx01_7,736,513,565,583,612,638,668,681,686,699,711,716,712,734,732,752,770,728,752,739,742,717,759,732,724,730,730,711,712,684,695,703,685,664,678,656,660,668,659,641,640,665,637,632,640,621,602,613,616,620,623,614,607,640,594,607,619,612,607,604,600,613,601,589,586
121G_8,685,319,329,331,337,328,353,353,395,411,385,402,430,482,492,449,497,534,432,400,411,427,424,451,447,450,422,539,614,1179,7284,10923,9906,8948,8337,7934,7977,7617,7524,7454,7447,7511,7471,7160,7551,7118,7178,7505,7480,7792,7273,7155,7440,7472,7499,7398,7493,7553,7821,7200,7313,7843,7565,7657,7690
121Gx01_8,603,441,490,524,541,570,590,593,592,618,637,636,651,670,648,663,670,659,676,666,683,658,657,664,662,663,655,645,649,633,639,651,649,646,645,608,640,626,620,623,623,638,621,607,619,607,600,602,610,603,607,587,589,612,600,631,1241,1377,1367,1354,1377,1441,1410,1403,1401
152G_1,656,428,456,483,500,504,504,520,525,509,517,500,499,497,487,500,492,494,484,491,488,491,486,477,487,485,484,494,491,485,485,486,478,470,470,489,469,472,477,479,475,474,481,464,466,474,464,464,477,468,463,472,467,469,476,465,461,462,472,466,460,473,458,458,480
152Gx01_1,772,457,472,471,486,475,482,476,476,479,476,486,472,475,476,483,476,487,486,481,489,481,484,480,478,480,485,484,475,479,480,464,483,474,474,469,469,472,476,462,461,475,465,464,465,467,466,468,467,460,471,468,475,468,467,470,472,470,476,471,464,473,483,480,481
157G_1,693,412,393,388,390,395,383,395,392,395,401,416,408,407,399,401,409,405,402,414,418,412,403,415,417,416,426,420,435,427,430,416,418,412,419,420,424,430,434,420,428,425,415,435,426,408,422,422,417,412,438,424,418,427,436,420,414,421,424,423,434,435,439,449,475
157Gx01_1,730,431,452,460,447,458,461,467,469,463,468,463,466,484,483,483,469,463,458,466,462,472,464,463,456,462,462,458,463,466,454,454,459,462,452,460,458,459,454,461,462,451,448,449,446,450,443,446,458,449,463,455,485,530,565,1428,3348,4965,5765,6661,6586,6489,6233,6198,5883
158G_1,563,355,352,346,360,357,378,389,391,408,424,423,428,437,440,459,457,453,450,448,452,465,457,453,461,456,464,465,467,466,456,470,460,468,459,460,462,453,466,475,473,460,475,458,464,476,470,465,467,470,467,468,466,461,468,468,474,476,479,467,477,479,468,469,469
158Gx01_1,709,436,452,459,464,468,471,475,460,464,462,460,463,471,463,468,464,468,468,472,475,481,481,482,466,467,469,474,483,477,468,467,476,467,474,468,468,464,472,471,469,477,468,460,464,464,466,465,465,471,469,471,466,461,463,463,452,468,460,460,463,461,468,461,470
152G_2,693,449,490,521,545,571,572,579,579,592,595,585,580,575,588,582,582,568,550,566,571,569,557,574,559,554,547,558,582,560,574,559,588,594,542,563,560,542,575,554,545,575,582,594,584,559,563,558,575,584,555,562,574,568,567,566,550,562,543,578,561,559,543,536,542
152Gx01_2,819,487,505,514,517,529,525,536,553,562,567,560,570,566,572,570,561,571,556,562,559,572,566,554,569,558,567,571,591,693,2579,5349,5361,5378,5298,5532,5581,5452,5692,5597,5568,5590,5695,5712,5709,5861,5643,5898,5831,5731,5683,5715,5684,5539,5567,5632,5659,5687,5539,5881,5903,5607,5846,5549,5428
157G_2,584,360,354,354,354,355,356,368,388,404,403,409,446,443,462,473,475,485,481,489,478,467,456,460,454,454,456,450,458,448,447,443,450,447,442,444,449,449,442,443,448,445,448,451,440,442,444,438,449,446,466,456,451,461,460,480,481,504,957,1471,3396,4247,3929,3815,3806
157Gx01_2,800,482,488,505,514,526,530,533,532,540,538,521,534,518,540,524,525,523,509,504,512,511,504,513,505,500,506,520,509,517,515,515,525,509,509,509,516,518,511,517,510,517,518,508,519,518,508,515,512,517,520,512,517,511,512,512,524,512,523,549,750,1868,2163,2139,1914
158G_2,607,379,370,399,392,447,500,542,575,620,646,658,664,645,637,622,610,597,582,560,557,544,536,530,521,519,523,533,524,534,520,525,521,514,505,507,510,512,516,509,518,513,510,511,497,506,505,504,502,514,497,514,500,499,493,504,507,489,508,504,497,497,500,498,510
158Gx01_2,790,463,497,501,522,521,515,515,531,517,528,513,519,516,523,531,530,525,526,520,528,530,519,518,526,536,531,536,541,535,541,542,539,543,544,537,549,544,537,540,552,548,539,541,541,543,541,544,545,541,538,536,543,545,551,544,559,545,542,554,549,544,552,538,550
152G_3,688,445,506,526,553,572,574,579,597,596,592,590,602,588,600,579,594,587,577,585,580,574,569,558,556,545,566,569,548,558,541,544,551,540,531,541,541,527,543,528,531,526,536,524,529,524,520,524,514,526,523,531,527,536,537,536,532,526,525,526,528,523,537,532,534
152Gx01_3,861,514,515,521,524,535,554,570,573,582,586,584,578,564,576,579,577,577,568,570,574,571,564,573,570,566,568,554,570,570,561,571,556,552,550,553,550,541,558,556,550,553,565,557,565,548,552,541,546,539,552,554,552,543,553,548,588,588,591,588,593,591,591,561,543
157G_3,600,372,362,368,369,406,427,469,497,518,543,529,530,526,521,508,508,499,488,497,488,488,483,475,472,460,470,472,479,471,456,466,472,463,467,474,472,458,484,479,454,458,474,471,472,463,462,468,464,481,490,462,466,458,464,471,481,456,474,467,468,469,470,461,460
157Gx01_3,803,491,487,498,520,528,521,526,542,534,528,528,527,523,540,543,536,550,541,545,549,549,552,538,538,542,541,545,555,538,542,533,535,539,546,548,530,527,529,526,530,532,535,520,520,522,523,517,524,528,533,534,544,545,533,544,540,539,538,544,537,519,521,554,584
158G_3,627,372,379,380,418,450,463,470,505,532,581,637,667,662,706,707,698,695,663,652,643,617,617,598,586,581,575,563,574,565,560,553,555,555,549,546,546,556,606,833,1352,1787,1867,1897,1908,1976,1993,2031,2086,2158,2146,2210,2245,2251,2262,2282,2337,2334,2348,2388,2372,2397,2403,2437,2457
158Gx01_3,812,489,501,513,510,519,534,534,541,532,541,537,546,536,549,536,554,541,528,533,538,538,558,542,539,545,543,532,550,548,541,539,540,540,538,539,539,525,539,540,537,544,551,536,532,538,540,526,540,542,543,541,584,742,2704,3796,5238,5112,5092,5035,5122,5080,5088,5152,5175
152G_4,708,478,524,556,579,578,582,594,592,590,601,583,586,581,584,584,585,572,561,568,558,562,560,554,557,545,559,562,551,557,541,540,554,546,546,539,546,540,555,532,542,529,551,544,531,531,542,542,520,531,533,523,522,510,519,531,535,527,540,518,514,508,514,519,505
152Gx01_4,849,501,523,510,532,535,546,548,551,558,562,565,568,557,568,573,564,559,559,558,547,556,568,560,579,567,557,560,598,723,1813,3479,4636,4584,4567,4534,4551,4602,4507,4457,4452,4428,4433,4249,4309,4315,4359,4261,4102,4062,4235,4117,4162,3995,3944,3946,3940,3998,4084,4305,4103,4163,4190,3864,3841
157G_4,604,374,371,366,370,387,392,432,484,520,535,533,552,520,546,536,528,553,525,518,518,509,492,483,492,477,476,484,472,480,470,482,482,471,472,470,474,471,476,487,476,471,464,466,471,472,472,483,480,463,481,463,467,480,475,477,471,470,466,497,472,464,467,476,477
157Gx01_4,836,520,527,546,544,551,544,553,542,563,572,566,584,564,594,576,580,593,570,568,565,557,548,548,555,545,560,572,578,589,594,582,576,589,561,590,580,576,592,580,579,573,584,573,578,567,575,565,580,579,560,573,569,584,574,564,569,575,550,576,561,556,551,558,559
158G_4,615,388,379,403,438,457,477,483,502,530,553,578,636,675,767,762,780,820,784,793,800,781,766,718,674,680,689,669,674,658,646,638,647,924,1110,1117,1120,1131,1130,1153,1156,1148,1202,1203,1239,1267,1312,1336,1382,1458,1503,1567,1630,1676,1667,1712,1739,1780,1771,1809,1803,1792,1824,1829,1873
158Gx01_4,790,485,503,508,515,538,556,533,540,551,562,542,554,549,565,556,557,558,553,557,556,558,546,546,548,547,552,561,555,554,547,548,546,530,544,542,544,541,530,547,546,538,543,531,532,541,520,533,541,543,539,545,545,543,526,528,541,549,532,529,532,518,524,528,562
152G_5,719,468,512,544,572,588,591,598,600,607,614,607,600,607,606,603,598,601,586,602,589,576,576,594,555,569,571,568,552,557,538,554,542,532,542,526,530,525,531,539,521,527,534,532,528,521,526,531,527,527,529,528,525,511,510,523,520,529,546,544,552,542,541,567,506
152Gx01_5,845,512,524,532,542,535,552,570,560,566,578,575,581,577,586,579,585,594,577,574,562,568,570,580,570,560,567,566,559,559,559,563,555,561,563,555,559,546,562,546,559,543,562,555,553,562,560,566,551,547,560,549,549,534,542,557,555,538,548,545,548,544,536,536,527
157G_5,611,389,388,393,378,394,397,423,483,496,532,511,546,517,538,530,515,518,493,503,492,492,482,475,491,480,474,481,473,484,485,475,476,485,473,487,471,472,490,491,471,469,480,463,469,453,464,462,448,461,456,448,459,459,453,458,465,462,457,459,460,465,453,462,462
157Gx01_5,791,504,522,526,540,552,550,551,549,545,559,539,551,550,560,559,552,569,539,559,555,557,541,552,554,545,553,532,536,546,539,558,554,547,529,528,536,523,525,543,556,543,533,529,517,538,539,526,536,539,541,532,538,543,529,548,538,541,545,527,528,530,532,533,534
158G_5,582,371,374,397,430,478,522,568,616,654,671,665,680,655,669,643,620,631,605,578,570,570,554,537,547,525,515,526,525,536,518,506,515,515,513,517,508,493,502,518,508,497,501,496,497,488,498,495,482,506,492,501,493,500,498,487,493,498,491,484,487,483,484,493,494
158Gx01_5,822,494,533,544,549,564,562,568,574,584,585,575,572,560,580,563,557,560,567,569,564,558,541,544,553,547,554,552,557,562,561,548,564,559,564,544,548,557,554,571,555,553,556,552,550,553,546,551,542,553,547,545,547,562,542,542,550,560,541,542,536,539,539,546,543
152G_6,691,449,511,544,574,580,582,601,598,600,599,580,574,586,570,569,602,590,560,546,554,557,576,587,550,563,556,541,572,521,530,539,570,544,527,530,534,531,532,540,539,522,549,533,534,542,527,534,518,539,541,523,528,516,523,525,537,535,542,526,547,535,526,547,503
152Gx01_6,833,483,503,519,522,520,523,567,546,558,552,543,558,547,549,551,544,552,544,535,546,897,1645,4786,5573,5657,6023,5704,5806,5642,5684,5585,5594,5636,5382,5517,5462,5184,5203,5075,4994,4771,4996,4900,5074,5098,4536,4912,4610,4845,4813,4701,4997,4865,5007,5098,5019,4747,4933,4909,4665,4994,4910,4809,4472
157G_6,627,416,410,410,408,426,472,471,515,530,547,542,581,544,575,560,552,557,535,533,528,538,521,520,509,511,520,494,503,516,507,515,507,510,509,511,509,493,501,511,505,508,496,500,496,495,493,494,496,498,502,496,497,496,492,494,494,501,488,486,476,488,483,477,495
157Gx01_6,775,458,478,498,500,514,505,501,515,522,514,515,531,521,539,548,538,551,517,524,529,529,534,526,521,520,532,516,524,528,532,528,517,546,557,526,542,531,572,820,1629,2736,3051,2874,2728,2655,2587,2499,2487,2423,2444,2421,2403,2412,2362,2374,2437,2518,2493,2485,2551,2483,2479,2500,2470
158G_6,577,363,372,413,437,489,521,552,607,647,655,658,680,660,687,668,651,656,607,600,588,589,559,557,558,541,544,543,534,540,533,521,521,524,528,526,533,516,526,537,532,533,528,519,519,529,510,513,500,525,519,515,517,504,523,518,518,524,509,531,522,505,510,510,513
158Gx01_6,781,459,478,500,494,532,536,526,540,533,526,518,527,525,522,508,512,516,513,506,504,504,498,507,504,493,499,509,520,507,514,503,507,504,510,507,520,504,501,529,521,513,518,514,519,515,514,518,512,528,521,515,528,520,523,530,524,531,526,553,915,1870,2058,2071,2181
152G_7,685,470,501,531,567,583,579,601,588,600,600,579,568,589,578,581,580,573,562,560,596,568,567,590,556,554,559,562,560,540,535,551,561,546,553,548,561,554,540,531,532,525,564,538,550,551,551,534,536,536,536,533,523,512,511,526,526,521,531,531,508,519,532,510,496
152Gx01_7,838,500,510,512,532,544,566,585,569,571,568,562,571,582,572,564,588,590,560,568,564,579,554,572,548,551,545,557,548,559,553,557,556,554,558,552,559,566,545,550,611,1111,3298,2986,3410,3772,3778,3859,3822,3713,3885,3795,3856,3813,3816,3892,3963,3835,3846,3898,3911,3794,3827,3838,3840
157G_7,570,375,363,375,374,373,401,407,424,465,515,498,531,513,533,530,521,513,506,496,496,492,474,475,481,477,477,466,481,482,477,470,483,466,464,465,470,461,468,466,465,466,464,460,465,462,460,463,462,458,461,473,463,454,447,464,454,455,480,554,1020,1810,2202,2457,2399
157Gx01_7,751,459,475,492,492,498,496,506,510,526,512,520,528,513,532,524,513,516,513,513,513,513,506,505,500,504,521,513,504,506,516,521,511,508,509,508,521,509,511,517,508,516,509,499,507,504,506,503,505,516,517,513,515,512,517,510,517,519,512,519,522,512,517,509,507
158G_7,558,353,367,390,422,457,500,547,611,636,660,657,664,642,656,630,626,614,587,571,571,565,537,543,534,522,525,511,516,523,507,512,496,508,497,510,504,497,486,506,509,496,502,486,507,480,487,479,485,490,481,485,497,483,481,475,485,474,479,480,485,474,491,484,473
158Gx01_7,762,479,489,507,494,524,523,516,526,526,517,520,540,525,529,537,535,539,525,537,542,548,549,525,542,536,536,547,539,546,546,542,527,536,543,528,538,520,533,539,532,549,547,555,589,767,978,2194,2633,2588,2504,2303,2519,2494,2548,2390,2432,2553,2447,2435,2511,2425,2426,2490,2435
152G_8,652,465,520,547,581,587,595,611,604,614,626,603,588,592,588,577,589,579,592,578,589,629,574,618,585,591,595,586,601,575,565,567,566,571,563,572,577,555,541,547,540,553,559,548,555,563,539,545,550,546,543,558,548,540,551,551,547,544,536,564,730,1395,1654,1657,1708
152Gx01_8,772,509,529,532,544,555,556,575,559,568,560,559,562,577,578,586,583,569,577,570,561,567,556,567,576,567,564,566,571,576,574,569,563,568,563,569,557,559,559,555,570,554,557,553,540,618,602,608,565,605,588,595,612,563,563,596,564,550,566,577,584,549,558,551,557
157G_8,541,357,352,354,360,376,414,448,480,486,504,495,517,504,509,500,504,489,487,473,480,469,463,454,452,452,465,456,447,455,461,460,446,444,441,458,442,436,452,459,463,449,456,440,448,447,443,444,454,470,840,1567,2814,2785,2716,2794,2779,2781,2870,2904,2915,2962,2970,2991,2925
157Gx01_8,746,498,525,545,544,554,554,555,564,569,580,570,581,571,588,589,582,592,566,571,579,573,570,564,546,549,553,558,561,556,550,556,580,918,2165,2867,3361,2815,2920,2909,2795,2884,2802,2719,2696,2637,2710,2610,2734,2676,2841,2714,2694,2748,2660,2756,2739,2756,2714,2797,2751,2812,2821,2874,2831
158G_8,549,347,357,382,422,475,512,569,630,667,704,699,708,692,690,671,654,645,625,614,620,611,594,579,578,557,543,545,556,537,533,526,528,531,516,526,527,509,521,522,526,527,524,515,515,520,512,521,532,524,513,517,509,520,514,504,520,511,504,508,499,505,497,511,503
158Gx01_8,752,501,524,545,543,542,554,560,555,567,575,558,563,566,584,572,580,585,559,581,562,571,560,559,566,565,581,554,570,561,572,545,543,564,563,556,548,536,550,558,563,549,564,547,562,568,831,1323,2107,2041,2068,2021,2327,2438,2408,2295,2368,2358,2337,2382,2329,2341,2388,2402,2365
205G_1,277,192,200,217,223,230,230,227,233,236,227,222,226,222,222,214,222,218,217,211,212,216,211,212,208,213,211,214,212,210,205,209,211,206,209,208,209,212,208,203,205,206,204,213,211,206,208,208,209,203,208,206,209,213,228,230,204,209,217,205,208,224,223,249,361
205Gx01_1,363,207,236,248,257,272,268,271,277,280,279,284,282,281,282,281,279,281,276,275,280,279,281,274,274,266,272,272,265,261,261,261,257,265,267,264,259,262,262,269,264,264,262,256,261,260,260,263,260,255,257,257,256,255,268,263,254,261,258,264,256,255,257,248,251
206G_1,269,177,196,215,232,241,244,243,236,242,233,233,228,220,215,222,221,220,215,207,216,216,216,212,205,215,212,209,208,208,206,212,211,208,211,208,207,214,207,205,206,209,206,204,207,212,218,223,239,278,337,1204,1767,1508,1384,1303,1347,1223,1214,1222,1228,1213,1163,1154,1159
206Gx01_1,375,215,238,245,250,253,263,260,264,269,268,265,262,261,257,261,262,264,264,264,260,264,262,263,250,260,254,254,247,249,246,251,248,255,254,248,251,247,250,249,252,248,247,242,247,252,247,249,241,248,249,248,244,245,238,242,240,238,240,235,243,243,237,232,240
205G_2,300,210,231,248,258,265,271,270,259,262,254,259,252,252,249,247,241,240,238,236,232,226,233,221,221,231,226,220,223,228,221,222,224,224,220,224,228,223,223,223,223,223,219,223,223,219,221,228,223,228,221,222,219,222,230,232,236,348,1328,1701,1675,1640,1586,1590,1508
205Gx01_2,428,235,257,273,274,285,286,294,300,293,298,301,300,302,297,298,298,298,297,291,292,288,297,292,291,296,291,297,287,289,285,281,284,288,283,282,288,286,286,297,286,286,278,291,287,280,285,286,281,280,279,277,278,280,283,279,278,275,282,280,278,280,280,273,272
206G_2,276,175,213,234,255,257,262,253,250,248,248,261,245,243,231,229,229,262,232,222,233,241,221,225,217,228,220,228,228,218,230,222,216,236,221,217,220,214,217,225,216,220,217,225,216,212,212,216,215,212,218,214,216,221,214,210,210,211,208,214,219,215,206,204,214
206Gx01_2,416,238,256,270,274,279,289,292,303,297,299,304,300,301,295,300,295,298,286,295,295,292,293,287,286,286,285,283,284,286,286,279,276,273,272,278,281,281,278,276,278,277,271,274,278,275,278,272,272,273,273,270,272,275,272,274,270,282,270,274,271,271,270,269,260
205G_3,315,216,237,255,271,281,280,286,281,277,280,283,276,272,270,267,268,263,257,255,247,252,244,243,243,242,243,244,240,243,236,235,230,235,240,239,242,237,231,237,239,229,232,232,236,230,236,234,237,242,234,236,228,240,237,229,227,228,226,236,292,1139,1151,1073,1005
205Gx01_3,409,245,258,281,287,288,289,295,291,302,295,299,300,311,305,306,304,300,305,302,296,291,295,293,289,289,293,299,295,297,296,291,295,293,291,298,290,292,296,287,296,285,288,288,285,283,289,287,285,288,284,282,285,281,271,283,279,276,278,271,272,279,273,283,276
206G_3,288,194,213,243,263,271,277,275,270,267,268,263,251,252,238,239,235,234,232,225,231,222,225,220,225,222,222,220,220,221,218,224,220,217,217,218,220,217,215,214,214,220,217,212,213,213,212,217,220,219,216,212,213,212,207,216,214,213,205,209,204,213,206,211,209
206Gx01_3,423,247,274,291,300,309,316,318,320,326,329,332,335,339,338,339,343,338,337,330,341,330,318,325,324,315,314,313,316,305,307,305,301,304,301,301,293,296,296,295,294,287,293,288,289,284,284,292,285,285,285,284,281,276,285,284,275,277,275,282,276,279,272,281,273
205G_4,302,210,230,253,260,271,282,278,280,284,287,275,276,275,269,270,271,267,264,268,261,258,250,260,256,250,254,257,254,251,249,248,246,243,243,244,247,246,246,247,242,240,244,244,251,245,247,237,238,258,424,1632,1873,1786,1698,1654,1625,1614,1607,1640,1636,1648,1646,1713,1696
205Gx01_4,441,247,269,293,299,318,307,308,311,311,323,314,312,318,324,322,320,323,313,315,314,308,308,306,311,306,304,303,303,309,308,305,312,304,305,303,306,297,299,300,296,300,299,296,296,291,292,294,295,296,287,289,294,301,287,297,289,297,284,287,289,299,289,293,285
206G_4,285,255,249,259,279,294,287,303,288,310,340,279,285,269,266,275,249,306,259,313,296,331,255,297,278,242,319,556,1627,2055,1916,1774,1703,1654,1668,1683,1703,1738,1649,1822,1718,1753,1707,1711,1740,1730,1738,1774,1743,1783,1788,1804,1795,1812,1828,1855,1833,1867,1802,1876,1845,1889,1849,1881,1898
206Gx01_4,323,191,200,206,208,218,227,231,238,240,242,246,243,242,235,242,237,236,230,238,239,229,225,232,231,228,232,233,233,230,237,227,227,225,226,224,228,226,223,224,228,226,225,228,231,229,242,228,219,229,241,233,229,233,228,225,219,232,216,227,226,224,227,228,225
205G_5,306,204,224,260,276,281,277,273,282,281,287,275,272,277,271,276,269,266,265,266,260,255,253,248,244,249,243,242,240,246,236,232,229,239,237,233,244,239,237,234,234,231,231,230,235,240,231,235,230,236,230,233,230,236,228,230,231,228,231,220,224,232,225,228,220
205Gx01_5,419,255,268,285,294,304,300,306,320,326,330,320,320,339,341,337,330,337,327,335,322,327,328,324,319,316,323,323,321,323,322,314,308,307,305,306,309,312,298,297,305,307,302,308,303,301,300,302,291,304,294,295,302,304,287,296,294,295,289,294,288,294,289,297,287
206G_5,286,195,224,262,279,284,284,288,288,287,282,275,276,270,261,264,249,255,242,241,236,234,229,228,221,216,221,224,219,220,221,219,220,214,223,212,221,222,215,219,215,222,217,210,218,216,218,218,212,215,219,220,217,211,214,217,208,209,208,215,217,213,215,218,217
206Gx01_5,418,257,268,294,299,303,313,308,308,321,321,316,319,319,321,323,315,320,301,312,311,307,301,308,297,299,292,297,297,299,300,295,295,291,288,295,288,292,290,287,282,291,283,279,281,283,277,285,282,277,281,277,281,277,276,284,276,282,270,277,282,278,278,281,277
205G_6,306,206,233,262,280,286,282,288,288,290,280,282,277,279,278,273,273,276,267,267,259,263,261,256,264,251,258,248,245,251,247,242,243,239,243,239,241,244,239,244,243,331,974,1804,1771,1667,1612,1636,1668,1603,1586,1608,1601,1624,1597,1620,1644,1649,1650,1675,1708,1672,1684,1768,1763
205Gx01_6,430,257,276,294,304,311,312,315,320,327,326,326,319,328,332,328,317,325,320,330,312,313,319,304,302,302,306,304,294,303,305,290,295,295,294,290,293,294,289,293,290,286,287,284,283,283,274,285,279,290,280,276,284,280,284,285,287,283,280,802,1284,1350,1352,1353,1373
206G_6,276,193,228,263,289,300,306,305,308,305,293,300,296,287,289,288,279,280,267,270,259,255,254,248,250,242,248,236,236,239,239,241,236,226,233,234,236,236,227,232,232,234,235,231,238,231,229,232,229,232,225,229,235,233,249,334,835,1422,1429,1363,1333,1355,1348,1364,1377
206Gx01_6,427,265,280,296,309,318,311,324,324,338,335,336,334,342,349,354,342,342,325,336,340,328,323,324,320,316,323,319,318,316,315,316,326,319,323,317,326,304,303,306,305,313,300,297,308,307,299,301,305,296,298,293,296,294,292,300,291,300,293,297,293,294,286,300,361
205G_7,284,205,235,260,262,275,273,272,274,270,274,272,268,276,266,271,267,262,259,263,252,252,255,251,244,243,246,245,242,243,237,237,235,233,232,230,237,240,232,244,243,228,241,230,235,234,236,236,227,231,229,230,233,234,234,227,232,235,226,232,227,232,236,225,232
205Gx01_7,416,250,273,292,308,316,307,316,319,327,315,321,319,331,328,326,324,319,325,322,312,316,323,315,310,310,320,309,308,311,318,316,304,295,305,296,306,298,296,302,298,292,292,298,294,291,294,293,290,293,288,285,288,292,286,288,287,286,280,293,281,283,281,282,283
206G_7,274,189,225,261,284,306,300,307,306,308,292,303,300,300,299,289,273,276,267,257,249,251,246,249,237,238,243,234,236,244,240,244,235,234,239,238,241,242,234,243,229,240,252,404,1081,1524,1502,1453,1433,1504,1520,1398,1514,1430,1469,1534,1544,1562,1505,1560,1612,1570,1478,1556,1530
206Gx01_7,415,262,279,289,300,310,311,315,317,328,320,335,325,333,331,333,333,330,317,322,322,317,318,315,320,308,306,308,308,301,306,304,301,298,298,303,318,301,306,312,305,300,299,293,296,294,287,284,304,299,294,285,287,292,285,288,291,294,285,291,296,286,296,289,287
205G_8,288,211,242,271,288,287,289,299,295,291,297,296,299,296,299,291,287,293,286,281,281,270,285,274,269,268,265,260,258,262,259,260,262,265,268,469,1418,1884,1828,1767,1716,1652,1652,1637,1641,1632,1631,1672,1682,1690,1712,1727,1762,1796,1783,1829,1863,1899,1892,1936,1943,1971,1978,2021,2037
205Gx01_8,339,220,239,260,266,271,280,283,284,282,282,640,1732,3853,3968,4046,4092,4172,4213,4268,4224,4239,4323,4305,4235,4291,4291,4279,4252,4328,4335,4382,4339,4293,4346,4265,4362,4369,4376,4422,4415,4411,4406,4389,4467,4466,4499,4596,4537,4519,4514,4509,4531,4552,4475,4529,4570,4563,4493,4580,4543,4563,4533,4570,4558
206G_8,263,190,226,257,277,303,319,324,346,341,331,325,322,315,316,307,302,306,293,282,274,273,256,273,262,273,251,251,256,256,256,254,244,244,250,242,259,236,243,241,240,240,239,246,244,248,255,270,450,1115,1374,1320,1333,1309,1319,1359,1348,1386,1385,1414,1419,1416,1400,1400,1442
206Gx01_8,391,250,283,301,308,325,319,330,331,346,339,352,347,348,359,356,352,348,344,351,350,344,339,349,338,336,331,329,336,339,337,341,346,331,337,333,325,325,319,324,330,327,311,327,327,315,310,310,310,314,305,303,309,305,304,311,310,302,306,307,299,305,296,297,297
212G_1,651,341,320,303,312,293,296,289,296,284,298,279,292,282,284,279,285,275,274,273,274,272,277,279,278,270,278,270,278,264,272,270,271,268,267,272,277,266,269,269,276,269,276,277,268,273,260,289,273,258,261,264,259,270,270,265,261,265,271,266,274,260,267,260,259
212Gx01_1,643,360,456,505,562,586,604,618,631,616,626,611,589,598,583,567,582,552,541,539,557,544,530,545,543,519,521,523,541,504,525,532,524,521,521,527,515,529,528,522,514,537,512,525,522,536,519,535,520,512,518,525,514,525,532,525,527,509,528,528,510,522,524,524,515
217G_1,473,293,289,298,304,321,328,337,349,351,379,376,380,386,405,398,406,421,405,409,405,393,380,397,397,391,395,384,388,376,388,398,382,374,415,383,401,392,396,400,377,396,400,393,373,400,397,397,391,382,394,398,393,394,387,386,387,376,393,404,397,406,395,396,392
217Gx01_1,705,414,470,490,508,526,531,552,548,549,563,553,551,568,566,564,576,559,563,555,574,562,550,544,546,554,590,570,572,553,558,571,554,553,576,542,557,554,538,539,549,540,528,560,531,563,534,541,539,530,530,536,539,527,570,528,518,530,519,530,532,518,533,544,525
212G_2,552,311,293,295,288,283,292,269,274,265,268,269,268,270,266,277,269,271,263,260,276,276,256,262,262,270,265,257,272,261,269,264,263,256,257,259,263,258,258,257,265,260,260,265,263,266,264,254,267,258,259,260,261,258,252,263,255,255,265,250,266,251,255,252,263
212Gx01_2,802,497,603,688,734,740,752,774,776,761,760,773,758,772,758,751,735,705,695,690,687,668,639,637,622,611,608,587,601,563,589,594,585,575,578,581,571,581,577,584,582,596,560,581,566,647,1404,1865,1926,1964,2036,2105,2106,2167,2224,2263,2240,2239,2335,2407,2351,2376,2403,2376,2398
217G_2,519,300,311,386,367,402,420,459,466,464,470,472,470,466,475,452,442,434,440,438,448,449,438,442,441,428,444,431,439,416,430,428,440,424,428,429,426,428,425,433,424,432,410,431,415,435,425,442,430,431,444,435,421,432,437,429,425,426,438,440,440,435,425,428,422
217Gx01_2,782,459,500,522,546,546,573,590,601,597,622,605,603,620,620,605,612,598,596,591,597,605,583,594,594,582,599,579,593,574,568,577,576,552,570,578,568,571,562,584,574,581,564,576,560,565,569,571,558,568,550,562,547,564,558,561,562,553,558,560,549,552,558,660,1711
212G_3,492,271,268,258,267,265,255,255,258,254,247,241,245,242,241,237,244,235,242,240,244,239,239,242,244,238,244,243,244,237,247,244,245,241,236,239,242,244,239,245,241,242,232,245,242,239,237,236,240,234,234,235,237,242,240,240,239,240,241,237,235,239,235,243,233
212Gx01_3,828,506,608,655,712,717,735,756,774,743,752,747,732,738,719,693,691,639,653,658,651,633,585,610,595,586,593,569,599,552,578,579,575,547,567,567,546,566,555,563,560,567,537,550,532,565,545,560,554,541,542,556,542,553,551,548,538,527,545,542,544,533,539,540,535
217G_3,548,332,361,378,399,420,445,475,475,484,493,484,477,468,477,480,472,462,461,448,468,468,446,462,468,441,443,438,451,433,441,448,439,431,446,449,435,443,428,429,436,429,431,429,418,434,416,451,446,436,431,453,438,539,638,2072,2899,2652,2632,2643,2644,2680,2681,2703,2725
217Gx01_3,807,479,526,555,593,596,617,633,644,652,666,687,685,700,702,685,697,698,696,700,701,705,682,691,700,703,691,689,671,666,655,659,654,646,646,642,646,648,621,631,628,633,601,613,607,631,852,2277,2437,2438,2502,2552,2537,2639,2665,2755,2783,2649,2974,2847,2747,2961,2950,2794,2824
212G_4,480,274,271,262,262,269,258,261,258,246,259,265,242,255,251,252,243,257,246,250,248,252,248,261,250,251,249,251,247,246,244,236,240,244,248,240,241,247,246,236,249,249,239,238,256,243,240,242,235,243,232,245,253,240,230,241,231,241,236,235,240,252,239,236,234
212Gx01_4,798,510,591,649,691,682,690,714,737,704,728,739,704,703,724,684,690,657,643,652,648,629,600,628,606,596,599,590,586,581,578,572,583,561,570,570,561,577,563,575,573,574,557,560,569,561,547,573,591,562,552,577,564,559,556,560,555,549,572,560,556,560,574,560,543
217G_4,529,316,341,350,394,420,448,483,488,493,497,507,478,497,490,491,485,465,463,468,478,475,454,459,456,459,458,442,448,445,454,447,457,438,446,451,446,450,442,443,456,453,442,452,492,452,480,473,544,466,462,537,474,457,452,452,450,460,490,454,448,456,459,451,444
217Gx01_4,827,500,530,567,598,594,605,626,641,643,649,665,656,673,678,672,655,650,662,656,662,671,662,648,661,646,644,643,650,642,637,637,631,617,608,618,605,606,599,607,588,589,558,577,571,580,564,576,567,564,556,577,555,577,573,573,556,563,566,578,558,566,552,551,553
212G_5,479,282,275,272,265,264,256,264,260,261,258,264,264,250,254,258,262,246,256,244,260,264,236,252,247,243,244,244,245,241,244,245,243,238,242,240,240,246,244,236,243,242,236,238,232,240,236,237,236,237,236,233,232,233,232,237,230,234,233,237,232,229,235,232,232
212Gx01_5,777,492,567,593,626,626,639,670,685,680,686,687,676,669,667,652,660,630,626,638,627,622,597,628,610,593,589,588,583,557,576,569,567,556,556,553,544,594,1372,2166,2146,2168,2121,2257,2237,2345,2352,2438,2466,2452,2517,2556,2494,2564,2602,2586,2636,2569,2694,2771,2747,2738,2805,2801,2857
217G_5,511,327,349,413,449,463,476,485,490,519,512,528,518,508,508,500,496,499,501,483,497,482,473,485,482,459,474,464,465,445,457,448,451,461,458,463,446,457,470,487,522,615,1083,3517,3187,2953,2810,2845,2864,2845,2864,2938,2886,3000,3012,3035,2977,3039,3158,3191,3205,3194,3240,3253,3311
217Gx01_5,842,508,572,590,623,616,625,640,662,674,664,694,670,694,705,683,696,696,721,702,739,732,713,716,723,713,715,692,705,684,690,666,664,662,652,662,653,650,636,644,626,619,603,625,611,632,1594,2189,2277,2303,2349,2395,2384,2426,2448,2456,2440,2456,2534,2553,2567,2587,2601,2609,2625
212G_6,498,281,278,267,282,258,271,261,257,255,257,269,262,264,258,267,264,265,255,253,258,258,246,255,255,253,251,245,249,251,246,252,246,250,248,245,246,245,246,247,254,252,245,243,252,244,243,247,245,252,238,244,235,239,238,243,238,239,240,243,240,234,232,239,241
212Gx01_6,753,504,579,599,633,636,667,689,712,713,707,727,720,710,711,692,715,696,679,664,678,663,633,657,656,615,606,603,605,563,581,577,580,558,568,561,550,552,553,562,562,581,545,548,550,559,548,564,548,552,554,561,540,548,552,542,549,535,548,568,557,543,548,556,546
217G_6,512,314,333,373,416,432,442,450,470,468,478,484,472,475,480,476,478,466,462,446,470,456,453,450,438,447,451,439,443,429,444,435,436,438,445,450,441,432,434,571,561,473,448,569,491,450,550,456,458,470,456,552,471,466,462,450,448,451,481,450,481,460,461,447,440
217Gx01_6,807,501,553,599,608,612,647,642,673,677,683,704,691,689,713,704,711,705,719,701,722,724,707,713,718,732,738,721,730,702,720,704,692,675,682,687,680,679,676,659,646,644,623,643,624,630,613,622,615,629,618,624,615,624,631,618,601,612,625,620,619,618,611,598,610
212G_7,467,277,281,273,271,274,264,259,270,260,272,272,263,263,258,260,261,260,259,247,267,257,248,260,250,248,251,254,249,238,255,248,247,242,247,248,240,246,253,244,247,249,241,247,240,247,238,241,244,241,239,244,241,239,238,239,233,235,240,238,250,245,239,238,240
212Gx01_7,768,507,578,632,657,658,688,704,728,720,724,727,719,722,707,708,703,674,666,658,674,674,637,673,640,635,632,621,619,593,608,611,589,579,588,583,572,612,583,587,599,596,555,580,557,588,561,575,565,557,576,568,551,572,564,650,1506,1897,2000,2064,2080,2117,2147,2197,2252
217G_7,567,368,426,541,532,559,579,582,646,619,617,604,630,613,613,677,647,757,597,572,629,561,589,595,635,586,519,599,534,529,558,557,566,490,569,599,575,590,512,589,650,543,499,533,536,656,546,533,558,565,532,530,510,528,521,524,539,533,592,576,584,501,574,540,541
217Gx01_7,808,506,553,597,610,621,658,653,682,687,688,705,693,722,724,733,724,731,734,723,725,721,713,736,724,720,722,705,716,694,709,671,687,662,673,674,657,665,656,649,632,647,628,632,617,617,615,612,614,624,604,618,603,620,617,607,590,598,625,618,610,605,602,593,600
212G_8,414,259,256,252,260,254,255,248,260,248,248,255,246,255,255,253,254,251,248,248,252,254,247,245,253,247,253,248,245,237,241,243,246,247,242,235,238,242,241,245,242,240,237,246,236,237,237,242,239,232,236,231,229,237,231,234,234,227,234,237,231,228,228,227,229
212Gx01_8,735,517,594,612,652,664,687,707,731,735,737,740,736,746,740,744,753,729,717,728,728,705,676,709,698,685,672,668,661,630,641,650,641,625,623,622,628,620,612,625,616,620,583,607,591,613,777,2020,2160,2166,2215,2303,2281,2348,2373,2393,2387,2366,2455,2520,2495,2505,2491,2534,2505
217G_8,479,319,361,397,414,456,482,484,500,480,504,499,492,495,496,497,496,500,483,480,489,490,469,476,472,469,465,461,466,453,475,458,454,452,452,457,452,460,454,456,464,463,460,469,474,546,1015,2771,3233,2944,2912,2943,2878,2940,2982,3008,2978,2945,3036,3070,3030,3065,3048,3031,3071
217Gx01_8,785,533,600,631,645,662,682,685,712,707,704,709,727,732,735,732,733,742,743,736,761,756,747,751,750,744,751,740,735,712,733,700,716,682,700,690,680,700,667,680,676,668,654,660,646,652,640,665,652,651,646,643,641,647,639,643,635,639,649,639,628,628,623,619,637
267G_1,424,329,335,345,337,333,340,334,334,328,347,337,341,334,348,338,332,346,338,337,338,329,338,335,332,336,331,338,335,324,331,336,335,334,330,331,329,331,335,326,330,329,326,323,328,328,330,321,318,323,325,324,321,325,324,319,315,323,328,320,319,319,320,323,319
267Gx01_1,589,420,431,438,444,438,441,443,448,440,448,449,453,453,454,444,462,470,467,468,462,460,464,466,455,461,465,463,466,452,464,466,468,473,465,469,460,465,465,462,464,464,463,456,460,461,457,463,453,457,445,450,448,449,447,449,444,446,440,443,446,450,454,439,451
267G_2,486,370,370,368,360,364,359,360,363,370,359,366,369,363,360,360,359,354,363,350,361,357,361,358,353,351,356,360,356,354,354,355,347,344,351,356,345,354,350,340,345,340,344,340,332,341,339,340,345,336,339,338,345,337,332,344,341,337,339,333,337,344,335,340,342
267Gx01_2,634,440,468,453,456,463,464,499,495,508,507,512,517,508,496,505,509,506,501,497,492,499,512,496,508,508,501,490,512,514,488,516,505,502,512,509,496,498,505,500,488,500,482,482,485,484,491,472,474,470,504,523,561,815,2573,5194,4954,4621,4437,4179,4282,4268,4216,4387,4365
267G_3,466,383,367,363,383,375,372,371,372,376,368,357,364,372,353,355,355,360,361,360,344,365,363,362,352,353,358,350,350,347,344,352,351,349,360,339,350,347,346,345,345,348,345,338,345,336,340,347,331,352,335,344,334,331,333,328,336,332,333,336,336,335,342,337,327
267Gx01_3,664,442,460,471,476,473,487,473,484,490,546,541,517,526,524,521,531,519,507,518,516,520,516,516,519,513,494,502,502,504,508,507,493,492,489,502,497,495,500,551,1131,2398,1970,1955,1831,1618,1988,1721,1739,1881,1875,1911,1929,2035,1982,2014,2006,1948,1976,1996,1975,2032,2052,2105,2062
267G_4,445,354,358,351,354,352,358,350,353,343,352,351,347,350,346,345,348,351,344,346,349,353,348,350,345,353,345,349,343,347,352,342,337,347,342,338,348,338,347,349,338,340,347,338,343,339,339,335,334,333,345,339,334,330,332,335,327,335,334,338,343,393,416,474,630
267Gx01_4,653,443,502,499,512,537,545,531,520,519,507,496,509,493,496,491,503,500,493,502,500,494,496,490,498,488,489,495,481,496,477,493,489,477,483,489,481,485,476,490,481,476,485,476,474,469,476,474,472,471,466,471,471,460,465,464,503,497,496,509,496,505,504,501,500
267G_5,445,350,356,352,348,351,354,352,346,353,355,352,348,353,345,349,353,354,358,347,357,359,354,352,357,356,349,353,344,343,354,350,342,357,348,342,345,348,346,354,346,338,345,337,346,340,339,347,345,340,344,344,348,335,331,330,335,326,338,323,335,326,330,338,324
267Gx01_5,670,454,485,490,506,509,505,561,548,542,555,556,541,551,536,548,540,531,528,527,525,532,538,531,509,508,518,523,527,505,508,504,526,951,2241,2703,2714,2529,2521,2500,2345,2352,2332,2415,2382,2532,2554,2384,2493,2335,2429,2413,2406,2471,2358,2534,2344,2551,2462,2419,2559,2479,2641,2573,2408
267G_6,471,370,381,357,368,364,363,370,373,353,356,384,349,356,358,369,360,365,353,355,363,366,369,376,381,352,368,383,359,384,374,351,356,354,352,383,352,351,348,378,353,381,340,336,341,345,344,348,343,336,363,373,375,350,346,334,352,344,368,359,407,406,421,408,411
267Gx01_6,689,470,496,488,526,517,530,527,558,572,570,554,559,554,559,554,552,549,547,544,552,541,549,537,533,521,542,521,528,523,536,535,521,530,526,534,524,530,532,533,507,512,510,515,508,502,502,514,501,503,508,515,500,517,738,1388,1586,1808,1716,1663,1663,1688,1691,1737,1695
267G_7,454,356,361,352,348,373,367,369,359,342,370,367,359,343,356,363,353,366,369,351,352,340,353,349,348,350,354,350,341,343,350,351,355,348,338,342,346,337,347,353,354,345,359,378,346,369,359,353,347,361,353,375,348,346,352,344,359,369,350,352,375,359,371,387,416
267Gx01_7,645,456,476,498,521,552,556,564,536,528,554,532,522,516,522,507,516,501,509,512,519,507,512,504,500,501,498,493,491,490,500,495,505,500,500,494,500,518,876,1284,1745,2145,2166,2207,2132,2132,2151,2222,2221,2144,2264,2235,2246,2252,2279,2329,2354,2302,2288,2334,2419,2385,2407,2430,2431
267G_8,423,339,344,333,342,331,333,338,337,346,332,342,338,341,337,348,339,334,341,340,341,340,337,334,335,335,336,337,325,333,330,333,332,325,328,326,324,329,327,332,325,322,320,335,329,315,329,324,327,325,327,325,323,319,324,322,314,318,313,315,310,314,321,312,310
267Gx01_8,594,445,480,488,513,514,528,525,518,512,527,513,504,517,521,523,522,524,511,514,501,504,512,507,515,495,508,497,503,501,508,507,514,493,501,505,497,495,493,498,492,500,494,493,488,477,481,489,472,469,486,490,474,486,485,476,465,478,474,463,467,473,459,470,469
379G_1,670,388,419,452,461,460,489,460,506,522,513,531,547,530,524,568,516,531,549,536,552,532,552,528,566,549,548,549,546,549,526,527,542,556,558,513,521,519,551,540,531,533,513,531,555,551,562,543,529,507,546,524,493,553,542,562,529,503,533,574,552,541,521,567,526
379Gx01_1,718,445,438,454,484,508,513,505,517,536,522,517,544,511,526,536,547,521,549,555,541,538,531,536,542,538,531,522,526,538,521,540,533,506,503,516,517,510,523,519,531,538,519,509,508,516,501,529,527,526,558,520,510,566,547,522,552,517,516,529,539,519,527,526,499
379G_2,710,427,450,464,480,492,522,505,513,525,534,515,548,540,539,518,532,542,559,564,553,566,575,530,551,552,550,550,543,518,540,491,541,567,609,530,595,501,553,590,506,649,538,544,614,559,548,493,587,525,577,570,540,558,562,551,544,504,512,577,493,483,508,506,496
379Gx01_2,837,445,492,497,503,537,548,539,547,549,542,541,561,548,566,559,591,567,553,553,551,551,570,562,558,551,565,543,558,556,540,531,544,525,523,544,543,548,550,534,548,533,516,539,551,532,508,514,523,504,516,513,496,512,523,503,503,513,479,537,499,505,512,524,496
379G_3,727,431,428,484,485,493,529,513,534,531,569,552,536,526,537,531,516,518,530,544,524,545,548,530,519,526,529,534,542,529,528,510,519,536,533,504,541,531,525,565,594,944,1578,3477,3915,3623,3644,3531,3679,3480,3608,3480,3431,3571,3451,3524,3569,3549,3422,3841,3466,3339,3417,3564,3396
379Gx01_3,903,479,518,536,541,555,567,544,580,579,569,589,584,602,570,586,588,577,574,584,585,591,578,560,551,575,570,576,551,546,536,537,541,554,540,528,532,536,529,504,523,522,526,502,539,516,510,513,512,521,500,493,495,510,535,523,527,511,522,523,524,522,522,506,518
379G_4,713,417,435,464,482,482,509,495,507,513,525,531,519,532,531,525,522,524,519,522,500,501,516,508,514,512,501,487,504,504,497,508,493,502,498,486,495,496,503,494,487,449,477,472,484,467,509,480,482,487,473,478,493,472,474,486,452,477,461,458,471,460,454,485,465
379Gx01_4,855,487,493,554,562,574,557,580,586,579,604,580,577,591,564,575,598,572,574,574,574,565,598,566,565,560,553,548,554,543,541,553,535,556,549,560,559,543,562,538,528,542,529,519,531,534,526,536,536,517,528,517,507,514,512,520,515,534,518,510,525,507,496,502,519
379G_5,712,407,449,467,496,511,510,509,518,530,532,537,534,550,537,549,548,535,547,532,527,555,549,542,602,735,983,1642,3892,4538,4458,4392,4330,4387,4242,4133,4231,3992,4010,4040,3861,4022,3868,3950,4132,4122,3981,4090,4181,4130,4128,4149,4293,4396,4525,4445,4485,4444,4446,4522,4456,4439,4420,4471,4359
379Gx01_5,822,480,492,535,541,561,559,567,587,579,587,588,595,590,612,570,596,586,582,583,596,580,567,588,557,596,580,599,547,562,566,573,552,549,552,542,540,569,562,555,544,548,518,520,529,536,546,528,525,510,530,517,531,499,517,529,501,494,511,500,518,523,502,505,485
379G_6,737,421,443,473,494,531,526,544,532,528,554,557,562,569,548,568,553,561,540,567,545,534,532,544,545,570,527,549,544,548,533,539,548,538,498,516,554,533,525,542,543,609,1062,2350,3427,3560,3652,3549,3547,3566,3545,3383,3423,3435,3340,3464,3433,3394,3457,3466,3539,3473,3487,3594,3599
379Gx01_6,807,469,492,513,541,556,570,569,565,580,579,577,589,602,578,577,583,564,563,579,588,587,567,570,572,580,544,542,545,524,545,528,551,558,526,529,551,532,532,529,544,500,500,526,503,509,535,524,515,490,509,519,519,510,511,513,498,503,524,506,515,500,501,500,497
379G_7,659,388,440,449,456,494,506,502,521,513,522,528,527,518,515,506,526,504,501,522,509,505,491,489,499,537,495,486,505,486,494,464,494,492,471,464,471,453,488,456,483,480,457,469,491,471,478,495,465,448,485,464,470,445,474,465,440,472,472,447,485,450,449,462,441
379Gx01_7,815,493,510,541,579,575,568,577,584,617,624,597,613,604,613,593,650,618,589,590,605,601,599,607,588,614,593,593,562,603,581,569,544,568,562,534,548,538,564,552,536,529,535,550,535,524,548,547,530,529,550,508,518,523,525,540,514,521,523,519,534,519,506,532,502
379G_8,638,420,439,463,462,481,486,498,501,514,541,534,553,542,541,539,533,529,538,535,540,543,526,513,555,565,527,524,529,526,510,515,498,494,495,500,503,501,508,501,508,508,487,500,510,504,499,496,502,463,504,473,501,501,498,492,478,472,493,480,484,487,478,477,474
379Gx01_8,757,485,526,551,558,583,571,585,598,590,608,622,614,607,602,596,592,601,578,593,594,591,593,567,561,582,569,580,546,598,556,580,579,571,551,575,563,570,545,549,540,528,511,561,538,535,577,532,544,545,549,529,533,532,549,554,511,519,508,517,526,533,521,494,517
319G_1,997,416,386,367,352,341,332,342,331,320,327,332,326,333,330,335,343,339,330,335,342,332,344,349,335,343,346,353,343,346,348,358,361,353,359,351,367,355,357,369,361,358,359,367,368,372,370,368,367,371,361,369,377,361,369,373,372,362,363,360,374,366,370,376,380
319Gx01_1,753,400,432,465,484,506,515,519,527,531,539,529,547,546,562,556,561,553,553,564,556,556,563,569,563,571,588,609,651,696,753,870,1790,4742,5903,5755,5700,5444,5278,5225,5048,4948,4926,4879,4836,4756,4968,5369,5630,5121,5144,5522,6124,5771,6121,5061,5235,5649,5673,5023,6082,5065,4943,5210,5103
319G_2,675,328,299,292,301,289,287,284,285,277,277,284,279,276,280,284,288,285,275,279,280,288,291,290,292,289,290,288,288,297,300,292,294,299,305,300,298,296,308,311,312,309,307,310,313,315,312,306,319,319,319,323,315,321,312,329,329,316,318,317,320,329,318,329,326
319Gx01_2,874,480,552,562,596,605,614,635,638,643,648,650,634,641,646,648,655,636,637,645,627,615,617,634,628,606,601,606,595,596,588,591,598,608,606,608,596,604,595,590,592,584,579,576,587,634,1318,2604,3582,3521,3581,3558,3516,3570,3617,3624,3682,3723,3730,3806,3799,3844,3962,3933,3952
319G_3,674,325,325,295,290,279,279,286,280,287,276,281,272,273,281,276,275,279,278,280,283,280,288,282,288,286,293,301,293,288,303,295,305,303,316,305,308,310,313,312,329,319,324,337,338,334,339,344,346,353,358,356,360,364,359,372,365,369,378,387,408,2914,10442,13300,11544
319Gx01_3,891,489,559,590,606,621,627,660,665,663,670,672,655,668,645,668,658,638,658,670,642,636,650,646,638,625,641,640,631,627,628,617,627,627,613,624,602,602,612,600,609,607,588,605,601,585,586,592,602,602,606,606,574,606,582,590,573,579,577,582,578,577,583,587,572
319G_4,613,311,286,287,285,274,280,276,273,276,275,274,286,280,273,278,276,272,281,279,282,282,284,284,279,280,275,283,282,287,281,281,290,285,290,291,293,292,284,295,303,291,304,296,296,298,307,297,299,301,303,305,304,305,304,304,313,304,306,307,305,310,307,314,308
319Gx01_4,878,513,584,591,602,631,642,658,637,647,646,656,653,651,646,662,657,646,645,651,631,611,638,621,616,616,607,609,583,598,590,597,588,586,609,589,585,584,570,589,599,571,574,580,565,569,577,571,575,562,579,573,555,568,560,571,571,559,551,559,549,551,559,558,555
319G_5,577,307,289,281,277,276,272,271,272,268,272,273,276,267,270,276,276,278,280,282,272,276,281,279,280,282,274,282,283,282,275,273,280,286,285,285,283,288,283,286,293,284,291,296,284,288,283,286,286,283,290,293,289,287,283,291,288,290,286,291,290,289,289,293,295
319Gx01_5,881,532,588,615,629,650,659,686,697,705,707,742,723,727,704,727,715,710,720,729,704,692,720,709,732,706,694,702,684,697,676,663,679,680,674,663,643,649,654,662,668,634,634,657,631,650,648,638,624,640,649,649,648,643,609,626,630,609,610,625,617,620,637,617,624
319G_6,478,278,276,272,265,270,260,260,265,283,265,271,274,281,296,303,302,305,308,314,318,315,320,319,333,326,327,324,325,327,323,335,342,340,343,351,342,343,357,359,367,364,372,385,414,484,2298,8973,14987,12590,12450,12068,11745,11635,11393,11443,11448,11222,11157,11260,10998,10827,11052,10903,10807
319Gx01_6,919,531,606,620,642,652,676,697,702,718,710,742,731,733,725,761,729,723,743,747,740,713,752,754,742,749,715,735,719,715,723,720,709,712,708,704,716,700,711,706,706,684,689,701,686,690,691,681,680,665,714,891,2328,2805,2803,2863,2873,2857,2888,2973,2942,3015,3052,3054,3070
319G_7,518,278,278,278,276,265,256,269,262,274,261,275,267,281,294,303,303,295,296,301,310,301,307,309,308,314,304,307,315,317,309,312,318,318,320,323,319,321,332,325,328,331,328,323,328,331,328,326,334,326,339,337,351,373,395,492,655,897,1303,2991,6670,9689,9959,9744,9518
319Gx01_7,872,533,606,643,652,660,679,689,717,721,702,750,731,738,712,747,741,737,751,734,744,734,743,750,717,714,686,703,700,682,677,678,673,678,661,666,658,661,656,648,641,632,654,639,648,644,641,617,628,627,645,649,638,629,616,632,615,614,616,620,624,622,629,619,619
319G_8,462,277,259,267,264,258,254,259,263,280,260,260,270,305,295,291,308,313,316,322,321,325,318,336,328,331,327,341,335,343,339,341,351,345,352,353,358,365,386,408,514,771,2802,10068,12084,11842,11642,11255,10986,10761,10806,10838,10558,10822,10653,10743,10561,10383,10428,10658,10254,10293,10488,10452,10408
319Gx01_8,841,536,587,622,649,672,694,690,716,723,707,727,734,743,729,755,749,738,750,746,759,740,746,772,764,739,730,754,735,744,709,716,720,714,714,710,705,700,708,690,672,680,675,662,663,689,670,669,666,654,675,677,657,655,641,646,657,637,648,654,646,641,653,637,639
368G_1,728,334,390,445,479,528,560,565,580,561,546,565,525,531,502,515,498,513,477,469,484,494,460,497,465,483,465,454,488,453,468,478,521,512,452,456,456,450,445,449,474,431,460,441,442,441,435,433,444,443,432,481,446,435,457,461,443,442,453,430,431,439,435,447,441
368Gx01_1,981,430,489,515,534,540,566,572,570,581,585,597,591,606,607,604,606,620,642,618,616,614,636,615,622,619,627,603,606,621,603,615,613,597,609,607,617,618,611,605,602,613,594,607,605,603,607,614,597,611,591,615,838,1848,3062,3202,3187,3210,3235,3187,3155,3196,3137,3143,3129
368G_2,782,341,393,442,463,525,542,550,564,564,555,552,536,524,520,508,492,484,488,469,469,472,472,464,462,464,466,460,459,456,460,454,442,432,444,446,436,436,446,450,452,452,439,443,442,447,439,441,445,442,449,441,440,432,439,445,445,442,449,455,441,432,437,447,445
368Gx01_2,1256,478,539,578,601,608,641,643,652,659,668,668,672,669,677,678,685,675,691,675,678,684,679,672,673,660,652,642,639,646,641,637,623,625,630,612,612,616,609,605,598,610,600,598,591,589,600,584,588,582,581,574,562,569,577,582,585,579,588,564,564,573,573,562,573
368G_3,820,350,408,443,475,503,550,561,565,560,566,563,553,551,530,521,508,512,516,499,485,481,475,472,473,467,467,455,456,461,459,459,466,461,456,442,458,448,445,448,446,456,452,451,437,441,444,449,450,443,436,451,438,451,440,448,441,442,445,437,434,437,434,432,448
368Gx01_3,1254,494,545,575,593,620,652,635,655,649,663,661,652,656,670,662,673,663,686,660,655,664,658,649,657,643,630,620,635,619,621,623,620,600,602,595,607,596,590,591,582,596,584,582,571,567,587,1139,2250,2450,2488,2515,2542,2593,2624,2740,2757,2768,2815,2787,2828,2865,2878,2872,2944
368G_4,806,347,413,450,478,516,548,569,560,561,562,550,543,543,535,540,518,528,496,497,475,468,472,470,475,473,455,461,462,449,466,457,460,465,453,487,459,459,463,461,442,455,452,464,454,442,449,448,471,464,460,440,437,440,450,459,453,449,448,448,444,452,436,448,451
368Gx01_4,1197,458,539,575,594,612,644,655,649,666,670,676,665,682,671,695,684,683,699,684,682,676,674,669,664,665,648,645,642,640,644,633,630,619,628,607,612,610,601,599,597,605,587,586,573,581,594,572,567,578,583,577,562,559,557,570,570,569,566,553,547,556,561,550,552
368G_5,751,329,399,440,475,496,530,530,529,542,530,539,509,516,507,511,504,498,506,489,479,477,474,469,473,464,456,450,450,448,444,451,445,447,453,437,444,433,447,444,447,445,444,441,429,432,444,442,456,444,451,451,436,448,446,442,437,428,441,433,435,436,428,434,444
368Gx01_5,1228,478,549,584,599,620,652,660,666,689,699,692,683,702,709,735,708,714,737,729,705,711,691,688,687,679,675,677,671,659,657,656,659,641,652,620,634,630,634,629,617,629,608,612,604,612,609,590,603,595,597,598,584,592,587,586,580,593,602,564,575,586,568,564,576
368G_6,754,352,401,426,466,504,525,532,549,544,540,536,521,515,514,507,488,490,491,481,470,478,461,451,458,458,447,457,450,446,440,434,443,444,449,442,456,448,462,451,433,437,452,441,445,435,441,447,444,456,449,448,432,438,444,451,446,446,448,448,447,454,435,437,447
368Gx01_6,1207,476,561,589,611,621,650,674,659,684,691,698,683,698,704,708,687,693,718,712,686,678,689,682,686,679,683,682,680,673,674,673,668,656,663,649,659,661,671,656,654,650,644,645,626,640,635,631,636,645,646,791,1996,2549,2564,2665,2656,2689,2694,2676,2696,2737,2728,2727,2762
368G_7,724,337,400,425,466,487,500,514,506,517,514,518,509,507,506,495,486,487,496,486,466,460,460,464,467,460,447,451,454,438,446,447,448,449,447,446,449,437,437,457,445,448,442,441,438,450,438,444,448,440,446,449,444,461,460,526,535,2160,2877,2779,2713,2747,2735,2786,2863
368Gx01_7,1146,472,553,575,619,640,641,664,671,682,695,706,685,689,702,697,696,697,735,722,696,701,678,674,691,682,659,675,669,661,657,638,661,638,647,620,631,643,628,628,627,612,615,616,610,612,612,599,606,599,603,608,583,591,593,593,601,588,594,596,1304,2212,2344,2380,2448
368G_8,770,421,402,457,494,525,555,560,582,578,566,598,604,582,562,564,577,558,567,548,542,527,519,516,517,500,504,481,504,475,479,484,479,474,481,486,476,475,476,481,471,475,485,472,479,488,469,497,492,476,480,471,464,481,479,469,482,470,481,470,470,483,470,476,473
368Gx01_8,1009,463,556,596,628,654,668,679,686,691,687,724,706,710,732,714,725,727,740,741,731,731,730,709,739,724,714,715,731,710,726,715,722,705,707,690,706,707,710,707,694,689,687,690,678,683,676,674,676,670,664,665,648,657,653,651,658,647,653,628,637,633,612,612,610
321G_1,893,457,443,408,339,361,376,312,345,326,309,309,317,288,274,317,277,271,280,308,301,289,319,277,261,308,299,248,298,282,296,319,282,285,280,281,285,286,279,277,289,285,292,281,277,288,288,280,280,259,272,272,286,289,273,270,273,268,294,282,269,248,276,292,276
321Gx01_1,467,267,276,266,287,285,291,292,297,300,309,301,303,311,311,303,305,309,314,320,312,319,318,309,315,313,315,312,314,317,310,314,316,311,320,316,315,316,318,325,315,323,316,319,309,312,312,317,308,314,312,312,324,316,314,310,309,311,306,308,311,308,305,305,318
325G_1,508,289,275,260,252,252,248,241,249,240,243,237,232,243,240,232,230,236,239,237,234,236,240,242,237,243,238,244,240,241,240,246,239,244,249,249,249,248,245,258,248,254,248,253,245,246,251,248,245,246,247,246,249,244,250,253,247,251,253,242,252,249,245,247,250
325Gx01_1,494,300,318,335,336,348,353,367,363,371,360,370,360,375,368,377,373,367,362,360,359,364,358,349,360,347,344,348,348,342,352,343,344,340,340,350,338,344,344,350,339,347,344,341,331,357,339,342,334,334,330,339,346,336,340,336,325,343,341,332,335,328,323,330,333
321G_2,642,323,340,307,282,298,297,283,283,280,297,260,276,273,253,253,246,293,230,264,252,242,273,252,238,249,255,250,252,257,244,251,240,254,253,241,243,248,230,240,245,237,241,240,241,236,244,242,254,226,241,228,251,238,229,219,229,243,227,221,240,251,247,248,220
321Gx01_2,547,303,344,359,384,391,417,415,420,413,424,406,414,404,408,406,402,407,397,386,382,384,373,371,362,365,374,366,357,351,352,354,353,365,364,362,366,354,363,387,821,1831,1927,1745,1655,1664,1654,1639,1603,1625,1636,1683,1661,1672,1641,1702,1697,1705,1748,1724,1740,1752,1757,1764,1823
325G_2,394,244,230,227,232,222,229,224,229,221,226,218,223,219,212,220,214,218,214,217,212,211,215,208,204,207,209,209,202,202,215,209,206,208,211,209,204,208,207,212,211,215,211,206,206,216,206,214,208,201,206,203,207,206,212,202,212,210,209,205,205,208,213,209,201
325Gx01_2,579,339,365,379,377,403,403,408,403,404,409,390,401,407,402,403,400,394,408,405,395,390,379,388,376,368,374,365,366,370,368,359,368,372,385,362,376,363,368,379,369,389,378,372,373,375,380,362,354,356,369,377,373,375,352,369,358,372,364,353,362,377,363,361,359
321G_3,427,258,272,244,240,249,240,245,227,228,228,230,233,212,233,228,216,223,218,227,202,214,231,221,205,201,213,215,225,220,209,213,203,221,207,202,208,200,202,214,206,206,199,203,216,214,205,201,214,201,203,194,201,207,203,202,206,204,197,202,213,197,213,204,197
321Gx01_3,573,312,342,362,402,418,424,430,427,432,416,428,429,421,418,432,403,398,407,408,390,387,384,374,378,362,368,374,367,373,368,370,367,364,359,361,368,362,363,359,365,367,363,371,358,358,372,365,349,360,358,373,365,359,349,365,351,356,359,351,364,357,353,349,367
325G_3,375,232,224,222,217,219,215,217,212,216,216,218,207,211,209,218,214,204,210,208,210,200,208,209,209,201,195,203,208,204,203,202,204,201,205,197,202,202,199,201,200,199,202,210,206,204,206,202,202,202,200,204,202,206,199,200,202,200,197,198,204,193,196,197,196
325Gx01_3,594,343,389,396,394,399,418,415,421,422,421,405,418,417,425,421,416,405,414,417,395,389,391,388,377,375,376,384,383,379,367,366,370,370,382,370,365,354,367,370,366,370,351,346,369,364,363,357,361,355,365,362,356,362,348,357,353,364,356,355,352,353,350,510,1361
321G_4,424,258,269,256,249,232,257,232,236,224,236,214,226,224,230,220,218,220,222,223,212,220,211,214,212,214,210,211,217,208,220,216,232,240,238,213,210,209,218,219,216,227,220,221,228,211,219,216,207,208,211,221,219,213,224,229,227,209,209,207,212,204,206,201,205
321Gx01_4,564,336,363,394,400,415,423,427,427,431,430,421,416,414,414,412,411,398,389,388,381,370,376,377,377,371,362,366,369,361,368,365,356,357,364,366,357,360,354,364,362,364,357,358,360,352,363,360,363,355,355,364,345,347,357,357,349,359,363,352,352,351,348,343,352
325G_4,366,236,225,226,222,224,220,221,214,215,214,212,210,214,214,211,209,208,207,208,208,202,208,211,209,209,204,208,206,202,207,208,207,204,203,206,202,200,205,209,199,201,203,193,202,204,201,204,198,200,201,202,196,197,204,201,198,202,204,196,202,204,197,198,204
325Gx01_4,593,340,395,400,414,429,426,422,432,444,439,452,434,452,439,439,438,435,430,421,414,413,394,391,395,387,380,391,384,374,385,376,377,375,373,377,379,363,374,373,363,367,364,364,373,368,359,346,357,362,353,367,346,361,352,359,357,366,362,339,352,355,350,353,350
321G_5,364,237,236,228,223,227,228,208,218,215,216,213,217,208,211,204,211,200,201,206,200,206,207,200,203,201,204,202,204,211,208,198,196,200,204,198,206,198,196,196,205,212,205,200,196,206,205,193,207,199,201,192,197,189,196,206,197,190,203,200,212,193,194,188,189
321Gx01_5,541,320,345,375,380,403,410,412,414,420,406,413,401,407,414,409,392,390,377,376,373,380,363,367,366,353,349,365,359,360,360,358,357,358,343,356,359,361,362,365,354,350,360,357,363,360,346,348,356,353,351,351,350,353,360,357,352,355,360,349,351,349,350,352,350
325G_5,429,248,236,238,227,229,224,228,221,228,217,228,216,213,217,222,219,225,212,213,215,216,216,213,227,215,213,221,214,205,210,208,219,220,210,216,221,230,221,214,201,210,206,207,208,206,210,221,217,212,210,199,207,195,204,199,198,201,205,212,209,208,206,196,204
325Gx01_5,597,359,415,418,437,435,443,455,457,464,460,466,456,474,475,456,455,454,465,450,430,435,429,424,426,412,430,406,414,410,398,400,393,401,390,396,397,392,392,385,390,402,393,395,396,393,425,463,1041,1676,1765,1776,1722,1694,1684,1701,1719,1731,1752,1748,1789,1781,1765,1778,1850
321G_6,341,221,217,213,211,208,209,210,206,207,211,204,209,203,211,201,201,198,198,201,195,197,206,200,199,189,204,201,191,204,202,197,193,200,185,195,185,195,192,192,194,190,199,187,191,186,199,194,193,186,184,189,193,184,193,193,190,177,200,194,191,196,188,183,193
321Gx01_6,578,337,365,405,419,417,431,435,452,448,450,448,437,452,449,442,433,431,429,432,409,407,400,397,406,388,392,396,394,389,389,377,376,382,374,371,375,382,405,562,1506,1817,1723,1629,1590,1575,1576,1527,1542,1520,1527,1572,1540,1561,1545,1567,1570,1608,1616,1594,1633,1625,1620,1634,1679
325G_6,363,227,221,221,220,218,220,215,211,216,213,211,207,217,207,210,203,207,205,208,204,210,211,208,205,211,199,201,204,205,208,204,202,200,204,204,209,201,207,201,196,204,199,205,207,204,204,204,201,211,198,206,205,195,210,203,204,198,204,202,207,205,200,198,202
325Gx01_6,602,380,411,439,439,458,457,471,485,493,481,484,478,492,496,492,493,484,489,483,479,471,465,475,460,456,460,456,591,1005,2073,2434,2404,2386,2372,2374,2352,2329,2295,2348,2308,2384,2388,2408,2389,2427,2437,2372,2386,2376,2416,2474,2451,2466,2415,2482,2484,2528,2513,2522,2535,2541,2505,2494,2554
321G_7,350,220,226,222,223,213,216,206,215,205,217,204,193,204,202,203,201,198,196,202,189,196,192,197,199,190,193,187,190,190,191,192,194,187,189,192,191,193,193,193,192,186,193,190,188,186,188,188,189,194,199,194,188,193,190,188,184,191,196,194,187,185,189,186,192
321Gx01_7,558,339,372,398,408,425,425,430,434,432,444,432,416,435,443,423,423,416,424,412,406,406,391,397,397,378,388,375,378,380,380,381,372,373,368,376,371,376,367,389,372,372,377,363,378,380,367,361,380,365,369,380,377,381,364,363,358,363,358,364,376,436,835,1764,1935
325G_7,373,234,228,232,222,220,224,219,218,228,220,220,223,214,217,215,216,210,212,208,211,211,212,214,212,213,210,212,215,214,218,207,210,216,208,212,222,209,209,211,208,213,209,208,211,204,206,211,209,209,212,213,208,208,210,204,209,214,205,212,204,214,206,204,204
325Gx01_7,575,363,400,422,426,430,447,457,458,461,457,452,452,468,477,457,455,458,453,467,456,451,443,436,439,425,421,417,413,418,416,413,410,420,425,417,410,414,412,421,467,998,1855,1944,1887,1949,1915,1867,1848,1852,1907,1964,1991,1956,1954,2036,2028,2056,2089,2071,2120,2126,2087,2111,2165
321G_8,348,228,238,235,212,225,236,214,221,225,233,224,220,215,216,219,212,203,202,209,217,209,212,205,204,211,214,206,204,207,206,203,204,202,203,192,203,211,206,191,202,203,189,192,195,194,197,188,202,190,194,192,188,190,193,195,188,189,189,194,183,185,191,193,188
321Gx01_8,421,278,287,286,303,308,317,324,333,340,336,340,343,341,346,347,335,344,346,347,347,338,340,336,337,322,327,324,328,332,336,320,328,335,337,347,353,367,397,446,494,653,1507,2318,2781,2523,2361,2173,2036,1964,2013,1984,1927,1909,1846,1907,1871,1872,1870,1870,1882,1875,1877,1845,1886
325G_8,338,230,227,219,215,220,217,219,217,211,213,208,213,209,206,203,204,201,207,212,214,206,208,211,207,206,202,209,206,200,204,204,204,207,208,204,207,202,204,207,216,215,210,204,216,215,210,207,204,204,202,208,207,210,207,207,203,199,212,209,208,207,208,198,207
325Gx01_8,539,359,414,433,441,440,466,474,475,485,492,489,492,504,499,488,483,496,497,486,473,478,473,463,479,449,463,451,454,447,451,452,445,442,447,443,442,435,438,431,425,428,434,424,428,433,433,426,416,404,407,415,412,409,411,405,409,408,406,407,409,410,399,395,401
49GC_1,387,212,211,210,214,215,219,222,221,232,235,236,235,239,232,245,241,241,239,247,260,243,261,250,273,248,260,250,254,264,246,265,267,259,261,268,260,253,265,260,267,262,253,273,250,264,257,256,256,257,265,257,258,262,256,268,279,260,259,258,254,273,266,272,267
49GCx01_1,412,217,226,235,238,251,243,251,248,260,266,259,264,270,268,279,271,278,275,279,282,287,286,286,293,291,294,298,287,295,292,296,293,303,299,298,301,304,314,310,323,318,324,315,330,330,329,331,333,333,336,337,340,335,348,349,357,357,356,365,364,361,363,357,355
49GC_2,387,216,215,215,216,222,228,224,226,228,236,237,236,235,234,256,240,241,242,250,251,241,252,247,244,235,236,247,238,247,246,235,241,242,240,243,243,240,235,238,237,236,235,235,248,243,242,239,244,233,237,232,242,231,238,235,228,234,233,235,240,233,228,236,226
49GCx01_2,414,227,231,240,246,254,262,259,260,270,262,262,272,267,270,271,275,268,272,266,271,259,275,267,264,268,271,268,268,258,258,265,255,256,258,258,262,264,252,260,257,259,256,259,254,254,258,256,252,254,254,256,254,254,263,257,253,257,258,258,253,249,251,252,249
49GC_3,367,199,202,201,205,218,224,223,224,224,230,238,244,242,237,234,237,248,245,249,235,236,251,230,237,236,230,239,236,232,232,234,231,235,232,232,228,229,230,233,232,230,225,234,226,225,231,226,224,229,226,224,228,225,226,227,224,221,228,219,220,228,224,217,217
49GCx01_3,405,215,242,247,252,252,264,259,270,265,267,265,268,270,268,282,276,272,279,273,270,272,273,278,275,275,271,271,276,264,267,260,262,264,261,266,264,260,260,255,260,258,257,260,252,256,256,255,254,252,256,254,251,256,252,256,262,254,253,248,250,252,251,250,252
49GC_4,359,206,210,205,213,216,216,216,216,210,225,219,220,220,225,228,226,226,232,249,233,244,232,237,235,230,226,241,237,235,233,229,242,236,233,230,237,251,255,269,262,256,243,244,232,233,238,229,238,236,234,227,236,234,251,260,259,247,245,246,237,233,221,222,222
49GCx01_4,407,218,240,240,248,254,259,256,263,270,274,266,269,276,272,275,275,272,272,269,270,269,268,273,262,264,267,269,256,258,255,267,264,262,265,266,264,260,251,259,260,255,257,248,252,252,254,255,255,251,251,248,255,254,257,257,247,253,254,254,251,249,253,249,246
14GC_1,400,308,302,302,305,311,309,313,304,302,305,306,306,302,300,299,305,306,300,302,299,293,298,299,311,308,300,299,296,292,305,302,301,299,300,292,296,304,295,300,291,294,303,308,293,297,304,304,302,302,298,300,298,298,296,292,297,298,298,291,295,289,293,300,305
14GCx01_1,462,332,340,344,345,356,364,362,363,362,358,355,361,361,365,368,368,369,362,359,371,359,357,357,353,357,367,352,364,353,364,359,351,360,363,352,356,359,357,358,354,360,363,361,361,365,358,363,362,360,353,360,361,345,356,352,358,353,354,347,353,347,364,364,356
14GC_2,428,327,325,321,326,321,330,336,325,329,332,332,335,337,330,334,324,331,337,338,332,364,352,345,363,348,354,340,336,343,356,334,337,349,368,347,364,370,350,340,342,357,358,395,349,379,404,362,371,360,421,361,396,380,349,357,371,415,366,400,412,386,391,359,396
14GCx01_2,470,340,344,361,345,354,350,344,352,351,357,358,356,355,350,360,352,364,352,354,348,354,348,344,342,359,340,354,362,355,350,350,347,358,351,353,353,351,350,348,341,338,344,363,340,356,350,347,404,368,368,362,398,353,360,368,394,358,350,375,349,353,363,354,391
14GC_3,413,323,317,320,318,313,317,319,310,318,314,317,327,316,316,318,316,317,333,319,333,327,329,318,329,326,329,333,329,336,332,339,333,337,331,322,332,327,331,334,330,322,327,326,328,324,323,328,323,323,327,322,327,324,320,317,317,328,320,320,322,319,324,321,320
14GCx01_3,448,351,364,371,365,379,379,377,387,383,397,392,405,393,389,384,394,401,404,397,399,414,392,391,400,418,404,389,409,415,401,389,396,377,375,369,380,370,368,355,361,360,363,353,355,348,348,347,351,343,355,351,346,343,341,345,348,339,345,339,338,340,336,333,337
14GC_4,395,324,311,319,309,320,316,309,316,315,317,323,323,329,316,320,331,321,322,323,330,319,329,325,325,385,334,381,376,376,360,350,320,340,329,331,369,335,368,341,359,368,355,328,370,325,340,322,327,333,324,323,370,339,326,321,356,319,322,355,322,344,371,329,320
14GCx01_4,457,326,326,340,333,339,346,367,350,350,355,365,369,360,381,349,369,360,353,348,368,358,354,346,352,357,337,343,349,346,344,352,347,344,350,344,344,336,338,344,336,339,344,348,348,330,339,341,335,335,329,339,327,328,326,322,332,327,329,328,337,331,326,326,321
92GC_1,692,334,346,343,348,357,357,361,355,357,355,363,367,367,364,369,380,395,399,420,433,490,1062,3076,4911,5026,5215,5064,4986,4971,4792,4752,4655,4515,4472,4383,4216,4171,4080,3937,3984,3801,3653,3603,3352,3252,3080,3153,2944,2904,2792,2760,2661,2613,2481,2400,2357,2288,2320,2281,2228,2177,2168,2159,2149
92GCx01_1,784,336,356,359,366,374,371,379,375,382,375,379,378,380,369,369,384,384,372,380,374,373,384,376,381,376,387,383,389,392,404,426,562,948,1922,3204,4476,4339,4381,4267,4039,4014,3892,3868,3606,3598,3593,3705,3643,3618,3508,3436,3240,3156,3249,3106,3107,2962,2988,3112,2995,2994,2964,3034,2964
92GC_2,709,336,352,345,350,362,341,360,356,346,351,345,347,358,359,364,354,368,370,364,378,383,395,393,403,418,424,450,467,509,552,585,690,1151,2614,4688,4393,4544,4455,4454,4504,4095,3984,3841,3674,3687,3501,3657,3617,3479,3333,3321,3265,3147,2872,2965,2947,2686,2701,2761,2573,2380,2464,2258,2250
92GCx01_2,877,345,364,376,403,395,411,406,407,413,409,407,406,413,415,414,420,426,418,421,422,421,428,424,432,458,632,847,1609,3725,4580,4492,4394,4234,4088,4126,3924,4271,4131,4212,4027,3578,3707,3532,3457,3389,3396,3201,3087,3319,3085,3001,3204,3001,3211,3262,3389,2887,3008,3129,2923,3196,2886,3126,2866
92GC_3,697,344,345,359,349,351,352,361,346,357,348,353,351,353,352,346,358,355,360,366,385,404,426,443,446,455,512,979,1474,3092,4344,4199,4272,4311,4201,4138,4100,4106,3875,3945,3826,3544,3520,3548,3337,3325,3019,3252,3059,2903,2867,2710,2732,2612,2503,2427,2504,2367,2468,2328,2254,2204,2157,2126,2164
92GCx01_3,819,366,389,411,410,422,423,436,444,449,437,446,448,451,447,443,456,449,440,451,443,443,443,443,459,573,2270,3854,3726,3747,3600,3410,3325,3300,3126,3148,2989,3028,2938,2932,2721,2675,2636,2708,2647,2576,2549,2704,2641,2655,2660,2657,2576,2688,2654,2725,2741,2689,2720,2724,2696,2682,2730,2701,2746
92GC_4,648,344,352,349,355,364,352,357,356,352,360,351,358,364,372,386,412,442,483,538,1269,3162,5330,6611,7036,7195,7176,7008,6850,6988,6820,6633,6547,6466,6482,6316,6189,6057,6147,5973,5836,5712,5536,5376,5110,5072,4784,4927,4723,4535,4454,4208,4089,3960,3885,3831,3786,3596,3471,3442,3420,3304,3239,2990,3122
92GCx01_4,781,363,413,428,426,424,432,432,450,453,445,440,445,446,450,441,457,443,444,444,439,440,440,432,455,580,1690,2930,3791,3771,3677,3567,3470,3373,3274,3166,3095,3243,3437,3369,3112,3214,3343,3286,3189,2819,2730,2931,2894,2954,3179,3082,3062,3061,3040,3455,2988,3365,3149,3330,3337,3253,3216,3200,3316
98GC_1,376,202,187,189,194,185,184,187,187,184,185,190,189,189,186,185,191,184,182,181,181,181,184,180,183,184,177,180,181,187,180,181,173,177,181,178,176,175,175,180,178,175,180,181,177,182,175,176,179,171,180,179,170,179,181,181,181,178,172,176,171,171,179,177,174
98GCx01_1,440,226,243,247,250,269,274,290,297,294,297,300,296,295,301,303,302,305,310,304,307,308,312,306,304,310,303,307,305,302,303,306,307,304,306,300,304,302,305,299,299,303,300,299,300,296,290,296,295,293,297,294,287,290,297,285,292,287,282,291,287,293,289,286,289
98GC_2,390,201,193,194,188,188,200,198,190,186,183,186,192,199,204,206,201,202,206,208,205,190,205,186,201,188,198,186,190,191,187,196,195,196,202,190,200,194,204,191,193,185,191,194,199,194,188,186,189,188,197,199,189,191,184,190,192,196,201,218,240,298,717,898,1076
98GCx01_2,440,226,226,231,234,245,239,248,249,250,252,270,266,262,267,274,275,276,279,279,280,276,270,284,278,285,278,279,286,282,285,297,280,280,282,279,279,282,281,288,273,277,274,267,276,277,267,270,264,270,267,265,269,266,270,263,260,268,259,269,263,262,263,270,262
98GC_3,402,194,194,194,189,197,193,190,183,186,184,189,190,189,188,188,188,185,188,185,190,188,180,187,184,184,182,181,186,184,181,181,176,176,185,184,175,174,182,179,169,183,180,176,181,175,176,180,178,169,176,178,184,180,182,174,173,174,171,177,167,172,179,177,179
98GCx01_3,465,238,246,256,261,263,268,266,282,274,280,282,292,291,292,297,297,296,298,300,299,303,302,302,297,303,299,302,299,300,296,291,296,292,299,287,288,291,294,285,280,292,287,285,284,288,289,276,275,280,286,280,280,286,277,276,276,273,280,275,274,275,275,276,272
98GC_4,393,205,194,192,191,192,188,185,195,186,189,188,186,188,185,182,190,183,191,186,188,182,183,188,191,191,192,188,191,190,180,189,186,187,185,187,191,193,188,194,194,192,195,196,189,190,192,194,187,190,192,185,176,189,187,190,181,188,185,184,182,174,169,175,178
98GCx01_4,452,224,239,244,257,265,270,272,273,275,283,284,287,291,281,284,282,278,288,285,291,294,293,301,290,291,288,283,284,288,277,281,287,282,288,280,280,285,281,276,274,284,283,280,276,273,273,269,264,274,271,269,260,276,265,275,264,263,266,268,265,266,260,265,259
104GC_1,416,236,250,249,252,256,259,262,274,266,274,277,277,277,281,281,279,283,284,287,289,299,334,400,1112,2589,3832,3795,3697,3671,3589,3588,3566,3386,3385,3409,3220,3168,3119,3067,3148,3006,2950,2909,2936,2871,2892,2827,2812,2748,2878,2770,2770,2798,2811,2823,2768,2788,2805,2784,2765,2801,2780,2796,2850
104GCx01_1,456,243,264,270,276,285,292,296,307,300,313,306,316,311,314,318,313,320,324,314,326,668,1445,1702,1813,1826,1970,2051,1859,2183,2155,2145,2120,2096,2114,2034,2033,2020,2007,2010,1924,1974,1963,1961,1975,1915,1931,1951,1939,1923,1943,1939,1924,1924,1933,1932,1890,1906,1876,1882,1870,1861,1860,1865,1842
104GC_2,434,232,239,241,252,253,254,267,268,266,280,284,288,292,293,300,296,296,300,306,305,309,314,352,906,1591,2616,2842,3659,3630,3546,3531,3364,3284,3239,3160,3080,3011,2943,2877,2817,2740,2654,2624,2608,2574,2522,2484,2477,2417,2385,2390,2356,2323,2284,2323,2233,2206,2201,2171,2127,2154,2097,2106,2107
104GCx01_2,479,264,276,291,299,312,308,326,330,328,335,328,332,336,339,341,332,337,337,340,335,335,346,340,336,339,333,511,1247,1740,2340,2523,2442,2398,2387,2351,2291,2273,2267,2196,2144,2154,2112,2071,2070,2050,1982,2005,2016,2001,1991,2002,2010,2022,2057,2056,2055,2053,2037,2019,2014,2000,1996,1999,2011
104GC_3,424,223,237,258,266,273,275,284,294,290,297,301,300,304,291,299,304,302,306,303,316,393,1053,2572,2885,3117,3191,3450,3367,3361,3291,3253,3151,3052,3013,2903,2884,2782,2757,2698,2628,2566,2551,2476,2456,2444,2448,2393,2441,2423,2430,2476,2490,2475,2512,2525,2514,2540,2550,2536,2529,2562,2574,2552,2584
104GCx01_3,458,234,271,285,291,300,298,299,313,312,315,316,318,319,312,311,310,318,320,320,444,1364,2329,3045,3128,3124,3099,3069,2993,2992,2995,2976,2862,2803,2802,2708,2691,2689,2653,2636,2534,2563,2639,2597,2632,2626,2692,2631,2708,2668,2715,2693,2687,2716,2713,2703,2666,2657,2676,2626,2575,2591,2562,2526,2565
104GC_4,416,244,255,264,271,282,287,288,294,294,295,301,297,303,303,307,314,320,329,572,1560,3006,3765,3842,3935,3901,3843,3816,3694,3695,3612,3615,3544,3448,3441,3339,3304,3248,3257,3193,3193,3080,3064,3032,3000,3014,3013,2990,3030,3001,3057,3068,3075,3088,3109,3126,3127,3155,3169,3180,3192,3217,3228,3212,3221
104GCx01_4,448,263,292,304,308,316,323,325,338,332,342,338,339,346,342,347,347,349,572,1829,2440,2498,2513,2459,2480,2395,2413,2368,2318,2295,2305,2286,2221,2205,2213,2127,2123,2087,2101,2073,2010,2012,1995,1941,1929,1953,1872,1864,1886,1824,1841,1833,1796,1782,1813,1771,1776,1766,1748,1739,1741,1746,1734,1728,1731
121GC_1,782,386,446,393,419,450,360,438,421,475,419,461,427,456,445,422,414,478,409,438,414,450,381,463,448,400,442,469,378,444,368,370,428,377,435,485,345,335,492,353,338,413,352,345,409,485,383,353,467,426,432,397,421,435,330,492,436,452,450,434,354,346,432,373,392
121GCx01_1,524,263,257,259,254,263,273,280,268,285,295,301,300,296,293,302,303,307,302,301,305,297,306,300,303,308,308,309,312,302,303,303,305,305,307,312,305,304,305,306,308,311,316,314,338,960,3648,8033,8482,7512,7114,6907,6936,6827,6813,6736,6564,6738,6677,6647,6637,6658,6548,6548,6604
121GC_2,789,415,422,427,411,450,414,431,398,415,418,402,392,433,396,398,393,410,405,391,394,389,378,401,374,397,390,424,383,383,381,388,387,385,393,393,379,364,371,366,356,416,355,355,395,395,376,346,383,364,383,363,382,388,339,358,389,390,396,386,375,366,375,368,353
121GCx01_2,621,285,273,278,270,276,276,281,273,267,274,264,264,274,270,259,267,272,268,266,269,271,264,264,267,262,261,268,264,260,264,260,258,263,260,255,262,261,253,258,256,256,256,261,263,262,256,258,263,256,254,263,253,268,256,266,262,266,264,270,272,273,261,274,273
121GC_3,712,400,384,384,391,388,374,353,373,367,367,346,377,355,389,367,343,356,354,379,337,369,360,354,351,380,354,331,343,345,368,348,349,331,373,337,339,332,324,330,308,358,336,358,303,323,320,348,355,325,344,368,319,320,328,341,304,326,339,331,341,364,373,336,318
121GCx01_3,612,285,279,274,277,276,275,270,269,263,280,263,261,269,273,263,260,271,265,264,264,273,263,265,257,258,263,263,257,251,258,263,253,258,257,253,254,252,262,256,249,249,257,262,256,253,249,254,257,264,248,266,248,250,251,257,249,243,251,249,248,244,247,252,245
121GC_4,800,404,394,392,413,423,392,426,386,424,397,397,382,397,411,387,385,381,441,415,363,430,376,416,421,386,377,422,364,428,369,456,354,338,442,364,355,333,366,346,336,358,344,381,377,410,338,403,372,376,367,349,369,334,352,337,338,348,334,356,384,425,372,403,367
121GCx01_4,619,283,285,274,277,284,282,268,277,271,283,273,274,281,275,279,274,272,281,279,267,275,272,276,274,265,268,270,269,270,276,280,270,268,258,271,268,272,267,277,269,265,271,279,279,275,277,276,288,278,280,274,286,282,288,281,286,285,285,279,289,292,287,282,280
121GC_5,755,370,382,356,379,442,400,402,407,400,400,401,372,387,421,389,371,380,396,395,382,353,361,389,375,394,393,384,350,384,377,368,382,369,411,364,347,346,361,351,344,417,366,340,373,356,378,380,392,345,368,357,367,391,356,380,360,357,357,349,376,359,340,362,375
121GCx01_5,602,286,273,280,280,276,278,270,272,267,281,271,272,276,274,270,265,280,264,266,278,259,260,260,269,260,263,269,266,266,266,264,264,255,263,262,256,261,262,261,263,259,270,266,266,272,267,270,262,261,258,261,269,279,269,271,269,272,271,274,276,279,276,274,284
121GC_6,672,362,348,372,375,392,404,396,370,368,384,389,394,375,384,361,369,389,356,388,388,358,382,397,387,390,357,377,366,391,361,378,364,348,369,368,358,363,347,371,366,400,383,335,373,350,398,377,370,352,376,340,374,390,340,384,367,378,360,352,349,328,346,345,344
121GCx01_6,570,289,276,272,277,278,276,273,265,278,280,272,282,285,281,270,273,272,268,269,272,275,269,272,272,272,273,277,269,284,277,276,284,281,274,283,275,279,279,278,276,281,287,282,285,286,288,293,293,291,286,289,295,299,302,296,300,312,332,368,415,2388,8944,9539,9086
121GC_7,640,373,400,348,422,425,399,382,408,402,389,418,399,392,389,385,372,359,405,368,438,376,385,397,350,425,389,399,359,397,345,327,389,380,345,356,338,409,353,393,388,428,348,380,381,386,384,349,360,363,413,350,357,430,397,381,370,368,342,390,386,350,372,403,402
121GCx01_7,591,288,285,283,287,284,287,282,276,285,287,278,276,278,282,268,277,279,276,268,278,275,277,270,281,264,271,267,262,270,261,274,270,263,260,263,267,266,261,267,259,265,264,260,264,269,270,265,267,271,266,270,273,271,276,281,280,281,272,275,274,281,276,284,294
121GC_8,654,376,346,356,349,386,379,361,366,367,373,373,358,372,366,363,346,374,379,362,369,381,358,342,346,346,360,359,352,382,347,336,348,350,323,349,335,379,351,361,360,384,346,345,354,369,362,346,348,350,364,337,348,362,362,356,366,356,351,354,347,338,351,333,358
121GCx01_8,549,283,279,276,281,279,278,284,279,284,281,282,278,279,281,278,283,278,279,279,281,284,285,282,280,277,279,274,280,289,276,276,280,274,278,276,287,285,283,282,283,289,282,288,298,303,300,294,301,291,289,305,302,300,299,306,304,303,291,302,300,304,304,299,304
